case:sel2	"'y'"
case:sel-range	"<refused>"
case:tl	"('y', 'z')"
case:tl-atom	"<refused>"
case:atom-t	"'T'"
case:atom-f	"'F'"
case:null-t	"'T'"
case:null-f	"'F'"
case:eq-nateq	"'F'"
case:eq-same	"'T'"
case:add-int	"5"
case:add-lex	"<refused>"
case:add-bad	"<refused>"
case:mul-lex	"<refused>"
case:lt-coerce	"'F'"
case:lt-mixed	"<refused>"
case:ge-multi	"'T'"
case:lt-words	"'T'"
case:apndl	"('h', 'a', 'b')"
case:apndr	"('a', 'b', 't')"
case:distl	"(('k', 'p'), ('k', 'q'))"
case:distr	"(('p', 'k'), ('q', 'k'))"
case:cat	"('a', 'b', 'c')"
case:reverse	"(3, 2, 1)"
case:or-ft	"'T'"
case:or-ff	"'F'"
case:or-tt	"'T'"
case:or-nonbool	"<refused>"
case:rotl	"(2, 3, 1)"
case:rotr	"(3, 1, 2)"
case:oner	"3"
case:tlr-phi	"<refused>"
case:trans	"((1, 3, 5), (2, 4, 6))"
case:trans-ragged	"<refused>"
case:div	"2"
case:div-zero	"<refused>"
case:comp	"('c')"
case:cons	"('q', 'p')"
case:const	"'k'"
case:cond	"'empty'"
case:alpha	"(('b'), ('d'))"
case:insert-max	"'7'"
case:while-count	"0"
case:bu	"17"
case:const-bottom	"<refused>"
case:rmap-unnest	"(('Ada', 'x'), ('Bob', 'y'))"
case:rmap-unnest-curried	"(('Ada', 'age', '42'))"
case:ast-store-replace	"(('CELL', 'F1', (('z'))), ('CELL', 'F2', (('b'))))"
case:ast-store-absent	"(('CELL', 'F3', (('z'))), ('CELL', 'F1', (('a'))), ('CELL', 'F2', (('b'))))"
case:ast-store-stack	"(('CELL', 'F1', (('z'))), ('CELL', 'F1', (('old'))))"
case:fetchpop-flat	"(('a'), ('b'))"
case:fetchpop-nested	"(('a'), ('b'))"
case:fetchpop-shadow	"(('x'))"
case:store-namerows	"(('Ada', 1), ('Bob', 2), ('Cyd', ()))"
case:rmap-wide-row	"('a', (('x')))"
case:rmap-wide-row-null	"('zz', ())"
case:aggids	"('r2', 'r5')"
case:rules-plain	"(('r1', 'H1'))"
case:rules-agg	"(('r2', 'H2'))"
case:rulesplit	"((('r1', 'H1')), (('r2', 'H2')))"
case:colfts	"('ftC', 'ftA')"
case:coltables	"('person', 'car')"
case:atom-hits	"(('p1', 'F1'), ('p4', 'F3'))"
case:atom-hits-empty	"()"
case:reads-hit	"'T'"
case:reads-hit-miss	"'F'"
case:reads-hit-nofrontier	"'F'"
case:reads-hit-noreads	"'F'"
case:txn-unambiguous	"(('t1', 'M1'))"
case:copy-pairs	"(('A', 'B'), ('D', 'E'), ('A', 'B'))"
case:uniq-constraints	"(('c1', 'F1'), ('c3', 'F3'))"
case:ftr-pairs	"(('F1', 'r1'), ('F2', 'r2'), ('F1', 'r3'))"
case:groupby1-rest	"(('r1', (('pos', 'A'), ('pos', 'C'))), ('r2', (('neg', 'B'))))"
case:groupby1	"(('r1', ('A', 'C')), ('r2', ('B')))"
case:aton	"120"
case:aton-zeros	"7"
case:aton-neg	"-42"
case:aton-float	"'1.5'"
case:aton-mixed	"'12a'"
case:aton-baresign	"'-'"
case:aton-plus	"5"
case:aton-bareplus	"'+'"
case:aton-roundtrip	"9042"
case:firstseen	"('a', 'b', 'c')"
case:dedup-last	"('a', 'c', 'b')"
case:union	"('a', 'b', 'c')"
case:union-order	"('a', 'b', 'c')"
case:union-dup-left	"('a', 'b', 'c')"
case:union-empty-left	"('a', 'b')"
case:union-empty-right	"('a', 'b')"
case:union-both-empty	"()"
case:txn-surrogate	"'txn:M9\u001ft9'"
case:theta-tie	"(('a', 'x'), ('d', 'z'))"
case:theta-tie-none	"()"
case:theta-tie-empty	"()"
case:setminus	"(('a', 1), ('c', 3))"
case:setminus-all	"(('b', 2))"
case:setminus-order	"('c', 'b')"
case:setminus-miss	"('a', 'b')"
case:setminus-empty	"()"
case:txn-positions	"(('F1', 1), ('F3', 2))"
case:txn-positions-short	"(('F2', 0))"
case:txn-positions-other	"()"
case:txn-surrogates	"(('t9', 'txn:M9\u001ft9'), ('t1', 'txn:M2\u001ft1'))"
case:atpos-dups	"('Order', 'Order', 'Peer')"
case:distinct-at2	"('F2', 'F1')"
case:distinct-at-short	"('F1', 'F3')"
case:distinct-at-empty	"()"
case:abs-targets	"('T1', 'T2')"
case:abs-targets-self	"()"
case:abs-targets-unsorted	"('T1', 'T9')"
case:abs-targets-empty	"()"
case:drop-named	"(('a', 1), ('c', 3))"
case:drop-named-missing	"(('a', 1), ('b', 2))"
case:drop-named-all	"()"
case:replace-cell-replaces	"(('a', 1), ('c', 3), ('b', 9))"
case:replace-cell-appends	"(('a', 1), ('c', 3), ('b', 9))"
case:replace-cell-empty	"(('a', 1))"
case:replace-cells-order	"(('c', 3), ('b', 9), ('a', 8))"
case:replace-cells-step2	"(('c', 3), ('b', 9), ('a', 8))"
case:replace-cells-one	"(('a', 1), ('c', 3), ('b', 9))"
case:replace-cells-empty	"(('a', 1), ('b', 2))"
case:derive-closure-chain	"(('a', 'b'), ('b', 'c'), ('c', 'd'), ('a', 'c'), ('b', 'd'), ('a', 'd'))"
case:derive-closure-cycle	"(('a', 'b'), ('b', 'c'), ('c', 'a'), ('a', 'c'), ('b', 'a'), ('c', 'b'), ('a', 'a'), ('b', 'b'), ('c', 'c'))"
case:derive-closure-single	"(('a', 'b'))"
case:derive-closure-empty	"()"
case:derive-stratified-tc	"'T'"
case:mirror-fills	"(('r1', 'Noun'), ('r2', 'Noun'))"
case:mirror-asserted-wins	"(('kept', 'Asserted'))"
case:mirror-nothing-derived	"()"
case:nav-edges	"(('collection', 'F1', ('Company')))"
case:checked-apply-a	"('COND', ('COND', ('COMP', 'null', ('COMP', ('ALPHA', ('COMP', 'theta:member', ('CONS', ('COMP', 'apply', ('CONS', ('COMP', 2, 1, 'id'), ('COMP', 1, 2, 'id'))), ('COMP', ('ALPHA', 1), 'ast:DynFetch', ('CONS', ('COMP', 3, 1), ('COMP', 2, 2)))))), ('COMP', 'distr', ('CONS', ('COMP', ('COMP', 'apply', ('CONS', ('COMP', 'apply', ('CONS', ('CONST', 'theta:Filter'), ('CONST', ('COMP', 'gt', ('CONS', 2, ('CONST', 0)))))), 'id')), ('COMP', ('COMP', 'apply', ('CONS', ('COMP', 'apply', ('CONS', ('CONST', 'theta:Filter'), ('CONST', ('COMP', 'eq', ('CONS', 1, ('CONST', 'noop')))))), 'id')), ('COMP', 'apply', ('CONS', ('COMP', 'apply', ('CONS', ('CONST', 'ast:FetchPop'), ('CONST', 'defSig'))), 2)))), 'id')))), ('CONST', 'T'), ('COMP', ('INSERT', 'and'), ('COMP', ('ALPHA', ('COMP', 'theta:member', ('CONS', ('COMP', 'apply', ('CONS', ('COMP', 2, 1, 'id'), ('COMP', 1, 2, 'id'))), ('COMP', ('ALPHA', 1), 'ast:DynFetch', ('CONS', ('COMP', 3, 1), ('COMP', 2, 2)))))), ('COMP', 'distr', ('CONS', ('COMP', ('COMP', 'apply', ('CONS', ('COMP', 'apply', ('CONS', ('CONST', 'theta:Filter'), ('CONST', ('COMP', 'gt', ('CONS', 2, ('CONST', 0)))))), 'id')), ('COMP', ('COMP', 'apply', ('CONS', ('COMP', 'apply', ('CONS', ('CONST', 'theta:Filter'), ('CONST', ('COMP', 'eq', ('CONS', 1, ('CONST', 'noop')))))), 'id')), ('COMP', 'apply', ('CONS', ('COMP', 'apply', ('CONS', ('CONST', 'ast:FetchPop'), ('CONST', 'defSig'))), 2)))), 'id'))))), ('COMP', 'apply', ('CONS', ('CONST', 'noop'), 1)), ('CONST', 'ERROR'))"
case:checked-apply-b	"('COND', ('COND', ('COMP', 'null', ('COMP', ('ALPHA', ('COMP', 'theta:member', ('CONS', ('COMP', 'apply', ('CONS', ('COMP', 2, 1, 'id'), ('COMP', 1, 2, 'id'))), ('COMP', ('ALPHA', 1), 'ast:DynFetch', ('CONS', ('COMP', 3, 1), ('COMP', 2, 2)))))), ('COMP', 'distr', ('CONS', ('COMP', ('COMP', 'apply', ('CONS', ('COMP', 'apply', ('CONS', ('CONST', 'theta:Filter'), ('CONST', ('COMP', 'gt', ('CONS', 2, ('CONST', 0)))))), 'id')), ('COMP', ('COMP', 'apply', ('CONS', ('COMP', 'apply', ('CONS', ('CONST', 'theta:Filter'), ('CONST', ('COMP', 'eq', ('CONS', 1, ('CONST', 'escape_html')))))), 'id')), ('COMP', 'apply', ('CONS', ('COMP', 'apply', ('CONS', ('CONST', 'ast:FetchPop'), ('CONST', 'defSig'))), 2)))), 'id')))), ('CONST', 'T'), ('COMP', ('INSERT', 'and'), ('COMP', ('ALPHA', ('COMP', 'theta:member', ('CONS', ('COMP', 'apply', ('CONS', ('COMP', 2, 1, 'id'), ('COMP', 1, 2, 'id'))), ('COMP', ('ALPHA', 1), 'ast:DynFetch', ('CONS', ('COMP', 3, 1), ('COMP', 2, 2)))))), ('COMP', 'distr', ('CONS', ('COMP', ('COMP', 'apply', ('CONS', ('COMP', 'apply', ('CONS', ('CONST', 'theta:Filter'), ('CONST', ('COMP', 'gt', ('CONS', 2, ('CONST', 0)))))), 'id')), ('COMP', ('COMP', 'apply', ('CONS', ('COMP', 'apply', ('CONS', ('CONST', 'theta:Filter'), ('CONST', ('COMP', 'eq', ('CONS', 1, ('CONST', 'escape_html')))))), 'id')), ('COMP', 'apply', ('CONS', ('COMP', 'apply', ('CONS', ('CONST', 'ast:FetchPop'), ('CONST', 'defSig'))), 2)))), 'id'))))), ('COMP', 'apply', ('CONS', ('CONST', 'escape_html'), 1)), ('CONST', 'ERROR'))"
case:resolve-minting-col1	"('COMP', 'apndl', ('CONS', ('COMP', 'apndl', ('CONS', ('COMP', ('COND', 'null', ('CONST', 1), ('COMP', '+', ('CONS', ('COMP', ('INSERT', 'system:max2'), ('ALPHA', 1)), ('CONST', 1)))), 2), 1)), 2))"
case:resolve-minting-col2	"('COMP', 'apndl', ('CONS', ('COMP', 'apndl', ('CONS', ('COMP', ('COND', 'null', ('CONST', 1), ('COMP', '+', ('CONS', ('COMP', ('INSERT', 'system:max2'), ('ALPHA', 2)), ('CONST', 1)))), 2), 1)), 2))"
case:mint-next-col1	"('COND', 'null', ('CONST', 1), ('COMP', '+', ('CONS', ('COMP', ('INSERT', 'system:max2'), ('ALPHA', 1)), ('CONST', 1))))"
case:mint-next-col2	"('COND', 'null', ('CONST', 1), ('COMP', '+', ('CONS', ('COMP', ('INSERT', 'system:max2'), ('ALPHA', 2)), ('CONST', 1))))"
case:scoped-extuniq-one	"('COMP', ('COMP', 'apply', ('CONS', ('COMP', 'constraints:uniqueness', ('CONST', (1))), 'id')), ('COMP', 'theta:natjoin1', ('CONS', 1, ('COMP', ('COND', ('COMP', 'theta:member', ('CONS', ('CONST', 'Enrolment'), 'derive:or_heads')), ('COMP', 'derive:on_read', ('CONS', ('CONST', 'Enrolment'), 'id')), ('COND', ('COMP', 'eq', ('CONS', ('COMP', 'ast:fetch', ('CONS', ('CONST', 'Enrolment'), 'id')), ('CONST', '#'))), ('COND', ('COMP', 'eq', ('CONS', ('COMP', ('COND', 'null', ('CONST', '#'), ('COMP', 3, 1)), ('COMP', ('INSERT', ('COND', ('COMP', ('COND', ('COMP', 'not', 'atom'), ('COND', ('COMP', 'eq', ('CONS', 'length', ('CONST', 3))), ('COMP', 'eq', ('CONS', 2, ('CONST', 'FILE'))), ('CONST', 'F')), ('CONST', 'F')), 1), 'apndl', 2)), 'theta:append_phi')), ('CONST', '#'))), ('CONST', ()), ('COND', ('COMP', 'eq', ('CONS', ('COMP', ('COMP', 'ast:fetch', ('CONS', ('CONST', 'Enrolment'), 'id')), ('COMP', 'ast:fetch', ('CONS', ('CONST', 'FILE'), 'id'))), ('CONST', '#'))), ('CONST', ()), ('COMP', ('COMP', 'main:flat', ('ALPHA', 'ast:pop_exp')), ('COMP', ('COMP', 'ast:fetch', ('CONS', ('CONST', 'Enrolment'), 'id')), ('COMP', 'ast:fetch', ('CONS', ('CONST', 'FILE'), 'id')))))), ('COMP', 'ast:fetch', ('CONS', ('CONST', 'Enrolment'), 'id')))), 2))))"
case:scoped-extuniq-two	"('COMP', ('COMP', 'apply', ('CONS', ('COMP', 'constraints:uniqueness', ('CONST', (1, 2))), 'id')), ('COMP', 'theta:natjoin1', ('CONS', 1, ('COMP', ('COND', ('COMP', 'theta:member', ('CONS', ('CONST', 'Enrolment'), 'derive:or_heads')), ('COMP', 'derive:on_read', ('CONS', ('CONST', 'Enrolment'), 'id')), ('COND', ('COMP', 'eq', ('CONS', ('COMP', 'ast:fetch', ('CONS', ('CONST', 'Enrolment'), 'id')), ('CONST', '#'))), ('COND', ('COMP', 'eq', ('CONS', ('COMP', ('COND', 'null', ('CONST', '#'), ('COMP', 3, 1)), ('COMP', ('INSERT', ('COND', ('COMP', ('COND', ('COMP', 'not', 'atom'), ('COND', ('COMP', 'eq', ('CONS', 'length', ('CONST', 3))), ('COMP', 'eq', ('CONS', 2, ('CONST', 'FILE'))), ('CONST', 'F')), ('CONST', 'F')), 1), 'apndl', 2)), 'theta:append_phi')), ('CONST', '#'))), ('CONST', ()), ('COND', ('COMP', 'eq', ('CONS', ('COMP', ('COMP', 'ast:fetch', ('CONS', ('CONST', 'Enrolment'), 'id')), ('COMP', 'ast:fetch', ('CONS', ('CONST', 'FILE'), 'id'))), ('CONST', '#'))), ('CONST', ()), ('COMP', ('COMP', 'main:flat', ('ALPHA', 'ast:pop_exp')), ('COMP', ('COMP', 'ast:fetch', ('CONS', ('CONST', 'Enrolment'), 'id')), ('COMP', 'ast:fetch', ('CONS', ('CONST', 'FILE'), 'id')))))), ('COMP', 'ast:fetch', ('CONS', ('CONST', 'Enrolment'), 'id')))), 2))))"
case:ast-purge	"('COMP', ('INSERT', ('COND', ('COMP', ('COMP', 'not', ('COND', ('COMP', 'not', 'atom'), ('COND', ('COMP', 'eq', ('CONS', 'length', ('CONST', 3))), ('COMP', 'eq', ('CONS', 2, ('CONST', 'Bob'))), ('CONST', 'F')), ('CONST', 'F'))), 1), 'apndl', 2)), 'theta:append_phi')"
case:ast-definein	"('COMP', ('COMP', 'apndl', ('CONS', ('CONS', ('CONST', 'CELL'), ('CONST', 'FILE'), 1), ('COMP', ('COMP', 2, ('WHILE', ('COMP', 'not', 'null', 3), ('COND', ('COMP', 'and', ('CONS', ('COMP', 'eq', ('CONS', 1, ('CONST', 'F'))), ('COMP', ('COND', ('COMP', 'not', 'atom'), ('COND', ('COMP', 'eq', ('CONS', 'length', ('CONST', 3))), ('COMP', 'eq', ('CONS', 2, ('CONST', 'FILE'))), ('CONST', 'F')), ('CONST', 'F')), ('COMP', 1, 3)))), ('CONS', ('CONST', 'T'), ('COMP', 'cat', ('CONS', 2, ('COMP', 'tl', 3))), ('CONST', ())), ('CONS', 1, ('COMP', 'apndr', ('CONS', 2, ('COMP', 1, 3))), ('COMP', 'tl', 3)))), ('CONS', ('CONST', 'F'), ('CONST', ()), 'id')), 2))), ('CONS', ('CONST', 'Ada'), 'id'))"
case:restrict-sym	"('COMP', ('ALPHA', 1), ('COMP', ('INSERT', ('COND', ('COMP', ('COMP', 'theta:member', ('CONS', ('COMP', ('CONS', 1), 1), 2)), 1), 'apndl', 2)), 'theta:append_phi'), 'distr', ('CONS', 1, ('COMP', ('COMP', 'theta:dedup', ('ALPHA', ('CONS', 1))), 2)))"
case:restrict-asym	"('COMP', ('ALPHA', 1), ('COMP', ('INSERT', ('COND', ('COMP', ('COMP', 'theta:member', ('CONS', ('COMP', ('CONS', 1), 1), 2)), 1), 'apndl', 2)), 'theta:append_phi'), 'distr', ('CONS', 1, ('COMP', ('COMP', 'theta:dedup', ('ALPHA', ('CONS', 2))), 2)))"
case:explain-builds	"('COMP', ('ALPHA', ('CONS', ('COMP', 1, 1), ('COMP', ('COMP', 'theta:member', ('CONS', ('CONST', ('a', 'b')), ('COMP', 'apply', ('CONS', ('COMP', 1, 1), 2)))), 'id'), ('COMP', ('ALPHA', 2), ('COMP', 'apply', ('CONS', ('COMP', 'apply', ('CONS', ('CONST', 'theta:Filter'), ('CONS', ('CONST', 'COMP'), ('CONST', 'eq'), ('CONS', ('CONST', 'CONS'), ('CONST', 1), ('CONS', ('CONST', 'CONST'), ('COMP', 1, 1)))))), ('COMP', 'apply', ('CONS', ('COMP', 'apply', ('CONS', ('CONST', 'ast:FetchPop'), ('CONST', 'ruleReads'))), 2)))), 'id'))), ('COMP', 'distr', ('CONS', ('COMP', ('COMP', 'apply', ('CONS', ('COMP', 'apply', ('CONS', ('CONST', 'theta:Filter'), ('CONST', ('COMP', 'eq', ('CONS', 2, ('CONST', 'reaches')))))), 'id')), ('COMP', 'apply', ('CONS', ('COMP', 'apply', ('CONS', ('CONST', 'ast:FetchPop'), ('CONST', 'ruleDerives'))), 'id'))), 'id')))"
case:verify-store-match	"(('H1', 'T'))"
case:verify-store-mismatch	"(('H1', 'F'))"
case:cand-covers-all	"'T'"
case:cand-covers-none	"'F'"
case:cand-covers-partial	"'F'"
case:cand-gate-blocked	"'F'"
case:cand-gate-admits	"'T'"
case:propose-report-unsorted	"(('b'), ('c'))"
case:propose-report-all-removed	"()"
case:propose-report-none-removed	"(('a'), ('b'))"
case:ast-system-const	"'ok'"
case:ast-system-select	"'p'"
case:build-system-minimal	"('COMP', ('CONS', ('CONS', ('COMP', 1, 1), ('COMP', 2, 1)), ('COND', ('COMP', 3, 1), 2, ('COMP', ('COMP', 'main:refile1', ('CONS', ('COMP', 'main:cf_store', ('CONS', 2, ('CONS', ('CONST', 'create:F1'), 1))), ('CONST', 'create:F1'))), ('CONS', ('COMP', 1, 1), 2)))), ('CONS', ('COMP', 'ast:stub_validate', ('CONS', ('COMP', 'id', 'ast:resolve_default', ('CONS', 1, ('COMP', ('COMP', 'system:held_in', ('CONS', ('CONST', 'create:F1'), 'id')), 2))), 2)), 2, 1))"
case:absorb-core-two	"(('a', 1, 'x'))"
case:absorb-core-one	"(('a', 1), ('b', 2))"
case:absorb-core-three	"(('a', 1, 'x', 'q'))"
case:cand-score-mixed	"7"
case:cand-score-absent	"0"
case:cand-score-empty	"0"
case:cs-rows-atmost	"(('constraint', 'Employee_excl', 'exclusion', 'Employee', ('F1', 'F2'), 'alethic'), ('attach', 'Employee_excl', 'exclusion'), ('attach', 'Employee_excl@F1', 'scoped_exclusion'), ('attach', 'Employee_excl@F2', 'scoped_exclusion'))"
case:cs-rows-subset	"(('constraint', 'eq_r1', 'equality', 'F1', 'F2', 'alethic'), ('attach', 'eq_r1_a', 'scoped_equality_side'), ('attach', 'eq_r1_b', 'scoped_equality_side'))"
case:clause-ft-declared	"'Employee_is_a_manager'"
case:clause-ft-undeclared	"'Employee_is_manager'"
case:membership-yes	"'T'"
case:membership-no	"'F'"
case:as-of-t2	"('COMP', ('ALPHA', 'tl'), ('COMP', ('INSERT', ('COND', ('COMP', ('COMP', 'le', ('CONS', 1, ('CONST', 2))), 1), 'apndl', 2)), 'theta:append_phi'), ('COND', ('COMP', 'theta:member', ('CONS', ('CONST', 'log'), 'derive:or_heads')), ('COMP', 'derive:on_read', ('CONS', ('CONST', 'log'), 'id')), ('COND', ('COMP', 'eq', ('CONS', ('COMP', 'ast:fetch', ('CONS', ('CONST', 'log'), 'id')), ('CONST', '#'))), ('COND', ('COMP', 'eq', ('CONS', ('COMP', ('COND', 'null', ('CONST', '#'), ('COMP', 3, 1)), ('COMP', ('INSERT', ('COND', ('COMP', ('COND', ('COMP', 'not', 'atom'), ('COND', ('COMP', 'eq', ('CONS', 'length', ('CONST', 3))), ('COMP', 'eq', ('CONS', 2, ('CONST', 'FILE'))), ('CONST', 'F')), ('CONST', 'F')), 1), 'apndl', 2)), 'theta:append_phi')), ('CONST', '#'))), ('CONST', ()), ('COND', ('COMP', 'eq', ('CONS', ('COMP', ('COMP', 'ast:fetch', ('CONS', ('CONST', 'log'), 'id')), ('COMP', 'ast:fetch', ('CONS', ('CONST', 'FILE'), 'id'))), ('CONST', '#'))), ('CONST', ()), ('COMP', ('COMP', 'main:flat', ('ALPHA', 'ast:pop_exp')), ('COMP', ('COMP', 'ast:fetch', ('CONS', ('CONST', 'log'), 'id')), ('COMP', 'ast:fetch', ('CONS', ('CONST', 'FILE'), 'id')))))), ('COMP', 'ast:fetch', ('CONS', ('CONST', 'log'), 'id')))))"
case:as-of-t5	"('COMP', ('ALPHA', 'tl'), ('COMP', ('INSERT', ('COND', ('COMP', ('COMP', 'le', ('CONS', 1, ('CONST', 5))), 1), 'apndl', 2)), 'theta:append_phi'), ('COND', ('COMP', 'theta:member', ('CONS', ('CONST', 'log'), 'derive:or_heads')), ('COMP', 'derive:on_read', ('CONS', ('CONST', 'log'), 'id')), ('COND', ('COMP', 'eq', ('CONS', ('COMP', 'ast:fetch', ('CONS', ('CONST', 'log'), 'id')), ('CONST', '#'))), ('COND', ('COMP', 'eq', ('CONS', ('COMP', ('COND', 'null', ('CONST', '#'), ('COMP', 3, 1)), ('COMP', ('INSERT', ('COND', ('COMP', ('COND', ('COMP', 'not', 'atom'), ('COND', ('COMP', 'eq', ('CONS', 'length', ('CONST', 3))), ('COMP', 'eq', ('CONS', 2, ('CONST', 'FILE'))), ('CONST', 'F')), ('CONST', 'F')), 1), 'apndl', 2)), 'theta:append_phi')), ('CONST', '#'))), ('CONST', ()), ('COND', ('COMP', 'eq', ('CONS', ('COMP', ('COMP', 'ast:fetch', ('CONS', ('CONST', 'log'), 'id')), ('COMP', 'ast:fetch', ('CONS', ('CONST', 'FILE'), 'id'))), ('CONST', '#'))), ('CONST', ()), ('COMP', ('COMP', 'main:flat', ('ALPHA', 'ast:pop_exp')), ('COMP', ('COMP', 'ast:fetch', ('CONS', ('CONST', 'log'), 'id')), ('COMP', 'ast:fetch', ('CONS', ('CONST', 'FILE'), 'id')))))), ('COMP', 'ast:fetch', ('CONS', ('CONST', 'log'), 'id')))))"
case:ctx-subject-longest	"('Person', 'Name')"
case:ctx-subject-none	"('Widget')"
case:ctx-subject-empty	"('Widget')"
case:ctx-of	"(('Person', 'Company', 'Amount'), (('Manager', 'Person')), ('F1'), ('Amount'))"
case:role-domain	"('heads', 'tails', 'edge')"
case:enum-product-two	"(('a', 'x'), ('a', 'y'), ('b', 'x'), ('b', 'y'))"
case:enum-product-empty	"(())"
case:cmp-filter-lit	"('COMP', 'eq', ('CONS', 1, ('CONST', 2)))"
case:cmp-filter-col	"('COMP', 'eq', ('CONS', 1, 2))"
case:view-list-rows	"('list', (('item', 'Ada', 'red'), ('item', 'Bob', 'blue')))"
case:view-list-empty	"('list', ())"
case:view-entry-fields	"('entry', (('input', 'name', 'Ada', 'Name'), ('input', 'color', 'red', 'Color')))"
case:view-entry-empty	"('entry', ())"
case:view-detail-pairs	"('detail', (('field', 'name', 'Ada'), ('field', 'color', 'red')))"
case:view-detail-empty	"('detail', ())"
case:row-validate-alethic	"('CONS', 1, ('COND', ('COMP', 'eq', ('CONS', ('COMP', 2, 1), ('CONST', '#'))), ('CONST', ()), ('COMP', 'Color_vc', ('CONS', ('CONS', ('COMP', 2, 1))))), ('COMP', 'not', 'null', ('COND', ('COMP', 'eq', ('CONS', ('COMP', 2, 1), ('CONST', '#'))), ('CONST', ()), ('COMP', 'Color_vc', ('CONS', ('CONS', ('COMP', 2, 1)))))))"
case:row-validate-deontic	"('CONS', 1, ('COND', ('COMP', 'eq', ('CONS', ('COMP', 2, 1), ('CONST', '#'))), ('CONST', ()), ('COMP', 'Color_vc', ('CONS', ('CONS', ('COMP', 2, 1))))), ('CONST', 'F'))"
case:mirror-both-present	"(('a', 'Y'))"
case:instance-mirror	"(('p1', 'Person'), ('p2', 'Person'))"
case:instance-mirror-two-nouns	"(('p1', 'Person'), ('p2', 'Person'), ('c1', 'Company'), ('c2', 'Company'))"
case:instance-mirror-no-nouns	"()"
case:take	"('a', 'b')"
case:take-over	"('a', 'b')"
case:takerows	"(('a', 'b'), ('e', 'f'))"
case:pivot-rows	"(('a', 1, 'z'), ('c', 0, ()))"
case:pivot-row	"('a', 1, 'z', ())"
case:pivot-row-absent	"('c', 0, (), ())"
case:valpairs	"(('a', 'x'), ('c', 'y'), ('a', 'z'))"
case:playerpos	"(('F1', 1))"
case:atpos	"('b', 'e')"
case:atpos-zero	"()"
case:sortnames	"('apple', 'fig', 'pear')"
case:owntables	"('F2', 'F3')"
case:entitytables	"('Person', 'Car')"
case:entities	"('Person', 'Car')"
case:entities-short	"('Person')"
case:refmode-scheme-last	"'nr'"
case:refmode-mode-first	"'vin'"
case:refmode-default	"'id'"
case:keycol	"'person_name_nr'"
case:partition-compiled	"(('Person_places_Order', 'Person_places_Order'))"
case:subset-spec-violates	"(('c'))"
case:mandatory-facts-spec-violates	"(('c'))"
case:equality-side-spec-right-only	"(('c'))"
case:machine-step-nocol	"('COMP', ('ALPHA', ('COND', ('COMP', 'and', ('CONS', ('COMP', 'not', 'null', ('COMP', ('INSERT', ('COND', ('COMP', ('COMP', 'eq', ('CONS', ('COMP', 'apply', ('CONS', ('COMP', 2, 2), 1)), ('COMP', 1, 2))), 1), 'apndl', 2)), 'theta:append_phi'), 'distr', ('CONS', ('COMP', 1, 2), ('CONS', ('COMP', 1, 1), ('COMP', 3, 2)))), ('COMP', 'not', 'null', ('COMP', ('ALPHA', 1), ('COMP', ('INSERT', ('COND', ('COMP', ('COMP', 'eq', ('CONS', ('COMP', 1, 1), 2)), 1), 'apndl', 2)), 'theta:append_phi'), 'distr', ('CONS', ('COMP', 2, 2), ('COMP', 2, 1)))))), ('COND', ('COND', ('COMP', 'eq', ('CONS', ('COMP', 3, ('COMP', 1, ('COMP', ('ALPHA', 1), ('COMP', ('INSERT', ('COND', ('COMP', ('COMP', 'eq', ('CONS', ('COMP', 1, 1), 2)), 1), 'apndl', 2)), 'theta:append_phi'), 'distr', ('CONS', ('COMP', 2, 2), ('COMP', 2, 1))))), ('CONST', '#'))), ('CONST', 'T'), ('COND', ('COMP', 'atom', ('COMP', 'ast:DynFetch', ('CONS', ('COMP', 3, ('COMP', 1, ('COMP', ('ALPHA', 1), ('COMP', ('INSERT', ('COND', ('COMP', ('COMP', 'eq', ('CONS', ('COMP', 1, 1), 2)), 1), 'apndl', 2)), 'theta:append_phi'), 'distr', ('CONS', ('COMP', 2, 2), ('COMP', 2, 1))))), ('COMP', 4, 2)))), ('CONST', 'F'), ('COMP', 'theta:member', ('CONS', ('COMP', 1, 1), ('COMP', ('ALPHA', 1), ('COMP', 'ast:DynFetch', ('CONS', ('COMP', 3, ('COMP', 1, ('COMP', ('ALPHA', 1), ('COMP', ('INSERT', ('COND', ('COMP', ('COMP', 'eq', ('CONS', ('COMP', 1, 1), 2)), 1), 'apndl', 2)), 'theta:append_phi'), 'distr', ('CONS', ('COMP', 2, 2), ('COMP', 2, 1))))), ('COMP', 4, 2)))))))), ('CONS', ('COMP', 1, 1), ('COMP', 2, ('COMP', 1, ('COMP', ('ALPHA', 1), ('COMP', ('INSERT', ('COND', ('COMP', ('COMP', 'eq', ('CONS', ('COMP', 1, 1), 2)), 1), 'apndl', 2)), 'theta:append_phi'), 'distr', ('CONS', ('COMP', 2, 2), ('COMP', 2, 1)))))), 1), 1)), 'distr', ('CONS', 1, ('CONS', 2, ('COMP', ('ALPHA', ('CONS', ('COMP', 2, 1), ('COMP', 4, 1), ('COND', ('COMP', 'null', ('COMP', ('COMP', ('INSERT', ('COND', ('COMP', ('COMP', 'eq', ('CONS', ('COMP', 1, 1), 2)), 1), 'apndl', 2)), 'theta:append_phi'), 'distr', ('CONS', ('COMP', 1, 2), ('COMP', 1, 1)))), ('CONST', '#'), ('COMP', 2, 1, 1, ('COMP', ('COMP', ('INSERT', ('COND', ('COMP', ('COMP', 'eq', ('CONS', ('COMP', 1, 1), 2)), 1), 'apndl', 2)), 'theta:append_phi'), 'distr', ('CONS', ('COMP', 1, 2), ('COMP', 1, 1))))), ('COND', ('COMP', 'null', ('COMP', ('COMP', ('INSERT', ('COND', ('COMP', ('COMP', 'eq', ('CONS', ('COMP', 1, 1), 2)), 1), 'apndl', 2)), 'theta:append_phi'), 'distr', ('CONS', ('COMP', 2, 2), ('COMP', 1, 1)))), ('CONST', '#'), ('COMP', 2, 1, 1, ('COMP', ('COMP', ('INSERT', ('COND', ('COMP', ('COMP', 'eq', ('CONS', ('COMP', 1, 1), 2)), 1), 'apndl', 2)), 'theta:append_phi'), 'distr', ('CONS', ('COMP', 2, 2), ('COMP', 1, 1))))))), 'distr', ('CONS', ('COMP', ('COMP', ('INSERT', ('COND', ('COMP', ('COMP', 'eq', ('CONS', 3, ('CONST', 'F1'))), 1), 'apndl', 2)), 'theta:append_phi'), ('COMP', ('COMP', 'theta:natjoin1', ('CONS', ('COMP', 'theta:natjoin1', ('CONS', 1, 2)), 3)), ('CONS', ('COMP', 'apply', ('CONS', ('COMP', 'apply', ('CONS', ('CONST', 'ast:FetchPop'), ('CONST', 'smFrom'))), 3)), ('COMP', 'apply', ('CONS', ('COMP', 'apply', ('CONS', ('CONST', 'ast:FetchPop'), ('CONST', 'smTrigger'))), 3)), ('COMP', 'apply', ('CONS', ('COMP', 'apply', ('CONS', ('CONST', 'ast:FetchPop'), ('CONST', 'smTo'))), 3))))), ('CONS', ('COMP', 'apply', ('CONS', ('COMP', 'apply', ('CONS', ('CONST', 'ast:FetchPop'), ('CONST', 'smGuard'))), 3)), ('COMP', 'apply', ('CONS', ('COMP', 'apply', ('CONS', ('CONST', 'ast:FetchPop'), ('CONST', 'smEmit'))), 3))))), ('COMP', 3, 1, ('COMP', ('ALPHA', 1), ('COMP', ('INSERT', ('COND', ('COMP', ('COMP', 'and', ('CONS', ('COMP', 'eq', ('CONS', ('COMP', 2, 1), ('CONST', 'F1'))), ('COMP', 'theta:member', ('CONS', ('COMP', 4, 1), 2)))), 1), 'apndl', 2)), 'theta:append_phi'), 'distr', ('CONS', ('COMP', 'apply', ('CONS', ('COMP', 'apply', ('CONS', ('CONST', 'ast:FetchPop'), ('CONST', 'role'))), 3)), ('COMP', 'cat', ('CONS', ('COMP', ('ALPHA', 2), ('COMP', 'apply', ('CONS', ('COMP', 'apply', ('CONS', ('CONST', 'ast:FetchPop'), ('CONST', 'smDef'))), 3))), ('COMP', ('ALPHA', 1), ('COMP', 'apply', ('CONS', ('COMP', 'apply', ('CONS', ('CONST', 'ast:FetchPop'), ('CONST', 'governedBy'))), 3)))))))), 3)))"
case:machine-step-col	"('COMP', ('ALPHA', ('COND', ('COMP', 'and', ('CONS', ('COMP', 'and', ('CONS', ('COMP', 'eq', ('CONS', ('COMP', 1, 1), ('COND', ('COMP', 'eq', ('CONS', ('COMP', 3, 2), ('CONST', 1))), ('COMP', 1, ('COMP', 1, 2)), ('COMP', 2, ('COMP', 1, 2))))), ('COMP', 'not', 'eq', ('CONS', ('COMP', 2, ('COMP', 1, 2)), ('CONST', '#'))))), ('COMP', 'not', 'null', ('COMP', ('ALPHA', 1), ('COMP', ('INSERT', ('COND', ('COMP', ('COMP', 'eq', ('CONS', ('COMP', 1, 1), 2)), 1), 'apndl', 2)), 'theta:append_phi'), 'distr', ('CONS', ('COMP', 2, 2), ('COMP', 2, 1)))))), ('COND', ('COND', ('COMP', 'eq', ('CONS', ('COMP', 3, ('COMP', 1, ('COMP', ('ALPHA', 1), ('COMP', ('INSERT', ('COND', ('COMP', ('COMP', 'eq', ('CONS', ('COMP', 1, 1), 2)), 1), 'apndl', 2)), 'theta:append_phi'), 'distr', ('CONS', ('COMP', 2, 2), ('COMP', 2, 1))))), ('CONST', '#'))), ('CONST', 'T'), ('COND', ('COMP', 'atom', ('COMP', 'ast:DynFetch', ('CONS', ('COMP', 3, ('COMP', 1, ('COMP', ('ALPHA', 1), ('COMP', ('INSERT', ('COND', ('COMP', ('COMP', 'eq', ('CONS', ('COMP', 1, 1), 2)), 1), 'apndl', 2)), 'theta:append_phi'), 'distr', ('CONS', ('COMP', 2, 2), ('COMP', 2, 1))))), ('COMP', 4, 2)))), ('CONST', 'F'), ('COMP', 'theta:member', ('CONS', ('COMP', 1, 1), ('COMP', ('ALPHA', 1), ('COMP', 'ast:DynFetch', ('CONS', ('COMP', 3, ('COMP', 1, ('COMP', ('ALPHA', 1), ('COMP', ('INSERT', ('COND', ('COMP', ('COMP', 'eq', ('CONS', ('COMP', 1, 1), 2)), 1), 'apndl', 2)), 'theta:append_phi'), 'distr', ('CONS', ('COMP', 2, 2), ('COMP', 2, 1))))), ('COMP', 4, 2)))))))), ('CONS', ('COMP', 1, 1), ('COMP', 2, ('COMP', 1, ('COMP', ('ALPHA', 1), ('COMP', ('INSERT', ('COND', ('COMP', ('COMP', 'eq', ('CONS', ('COMP', 1, 1), 2)), 1), 'apndl', 2)), 'theta:append_phi'), 'distr', ('CONS', ('COMP', 2, 2), ('COMP', 2, 1)))))), 1), 1)), 'distr', ('CONS', 1, ('CONS', 2, ('COMP', ('ALPHA', ('CONS', ('COMP', 2, 1), ('COMP', 4, 1), ('COND', ('COMP', 'null', ('COMP', ('COMP', ('INSERT', ('COND', ('COMP', ('COMP', 'eq', ('CONS', ('COMP', 1, 1), 2)), 1), 'apndl', 2)), 'theta:append_phi'), 'distr', ('CONS', ('COMP', 1, 2), ('COMP', 1, 1)))), ('CONST', '#'), ('COMP', 2, 1, 1, ('COMP', ('COMP', ('INSERT', ('COND', ('COMP', ('COMP', 'eq', ('CONS', ('COMP', 1, 1), 2)), 1), 'apndl', 2)), 'theta:append_phi'), 'distr', ('CONS', ('COMP', 1, 2), ('COMP', 1, 1))))), ('COND', ('COMP', 'null', ('COMP', ('COMP', ('INSERT', ('COND', ('COMP', ('COMP', 'eq', ('CONS', ('COMP', 1, 1), 2)), 1), 'apndl', 2)), 'theta:append_phi'), 'distr', ('CONS', ('COMP', 2, 2), ('COMP', 1, 1)))), ('CONST', '#'), ('COMP', 2, 1, 1, ('COMP', ('COMP', ('INSERT', ('COND', ('COMP', ('COMP', 'eq', ('CONS', ('COMP', 1, 1), 2)), 1), 'apndl', 2)), 'theta:append_phi'), 'distr', ('CONS', ('COMP', 2, 2), ('COMP', 1, 1))))))), 'distr', ('CONS', ('COMP', ('COMP', ('INSERT', ('COND', ('COMP', ('COMP', 'eq', ('CONS', 3, ('CONST', 'F1'))), 1), 'apndl', 2)), 'theta:append_phi'), ('COMP', ('COMP', 'theta:natjoin1', ('CONS', ('COMP', 'theta:natjoin1', ('CONS', 1, 2)), 3)), ('CONS', ('COMP', 'apply', ('CONS', ('COMP', 'apply', ('CONS', ('CONST', 'ast:FetchPop'), ('CONST', 'smFrom'))), 3)), ('COMP', 'apply', ('CONS', ('COMP', 'apply', ('CONS', ('CONST', 'ast:FetchPop'), ('CONST', 'smTrigger'))), 3)), ('COMP', 'apply', ('CONS', ('COMP', 'apply', ('CONS', ('CONST', 'ast:FetchPop'), ('CONST', 'smTo'))), 3))))), ('CONS', ('COMP', 'apply', ('CONS', ('COMP', 'apply', ('CONS', ('CONST', 'ast:FetchPop'), ('CONST', 'smGuard'))), 3)), ('COMP', 'apply', ('CONS', ('COMP', 'apply', ('CONS', ('CONST', 'ast:FetchPop'), ('CONST', 'smEmit'))), 3))))), ('COMP', 3, 1, ('COMP', ('ALPHA', 1), ('COMP', ('INSERT', ('COND', ('COMP', ('COMP', 'and', ('CONS', ('COMP', 'eq', ('CONS', ('COMP', 2, 1), ('CONST', 'F1'))), ('COMP', 'theta:member', ('CONS', ('COMP', 4, 1), 2)))), 1), 'apndl', 2)), 'theta:append_phi'), 'distr', ('CONS', ('COMP', 'apply', ('CONS', ('COMP', 'apply', ('CONS', ('CONST', 'ast:FetchPop'), ('CONST', 'role'))), 3)), ('COMP', 'cat', ('CONS', ('COMP', ('ALPHA', 2), ('COMP', 'apply', ('CONS', ('COMP', 'apply', ('CONS', ('CONST', 'ast:FetchPop'), ('CONST', 'smDef'))), 3))), ('COMP', ('ALPHA', 1), ('COMP', 'apply', ('CONS', ('COMP', 'apply', ('CONS', ('CONST', 'ast:FetchPop'), ('CONST', 'governedBy'))), 3)))))))), 3)))"
case:mealy-step-nocol	"('COMP', ('COMP', ('INSERT', ('COND', ('COMP', ('COMP', 'not', 'atom'), 1), 'apndl', 2)), 'theta:append_phi'), ('ALPHA', ('COND', ('COMP', 'and', ('CONS', ('COMP', 'not', 'null', ('COMP', ('INSERT', ('COND', ('COMP', ('COMP', 'eq', ('CONS', ('COMP', 'apply', ('CONS', ('COMP', 2, 2), 1)), ('COMP', 1, 2))), 1), 'apndl', 2)), 'theta:append_phi'), 'distr', ('CONS', ('COMP', 1, 2), ('CONS', ('COMP', 1, 1), ('COMP', 3, 2)))), ('COMP', 'not', 'null', ('COMP', ('ALPHA', 1), ('COMP', ('INSERT', ('COND', ('COMP', ('COMP', 'eq', ('CONS', ('COMP', 1, 1), 2)), 1), 'apndl', 2)), 'theta:append_phi'), 'distr', ('CONS', ('COMP', 2, 2), ('COMP', 2, 1)))))), ('COND', ('COND', ('COMP', 'eq', ('CONS', ('COMP', 3, ('COMP', 1, ('COMP', ('ALPHA', 1), ('COMP', ('INSERT', ('COND', ('COMP', ('COMP', 'eq', ('CONS', ('COMP', 1, 1), 2)), 1), 'apndl', 2)), 'theta:append_phi'), 'distr', ('CONS', ('COMP', 2, 2), ('COMP', 2, 1))))), ('CONST', '#'))), ('CONST', 'T'), ('COND', ('COMP', 'atom', ('COMP', 'ast:DynFetch', ('CONS', ('COMP', 3, ('COMP', 1, ('COMP', ('ALPHA', 1), ('COMP', ('INSERT', ('COND', ('COMP', ('COMP', 'eq', ('CONS', ('COMP', 1, 1), 2)), 1), 'apndl', 2)), 'theta:append_phi'), 'distr', ('CONS', ('COMP', 2, 2), ('COMP', 2, 1))))), ('COMP', 4, 2)))), ('CONST', 'F'), ('COMP', 'theta:member', ('CONS', ('COMP', 1, 1), ('COMP', ('ALPHA', 1), ('COMP', 'ast:DynFetch', ('CONS', ('COMP', 3, ('COMP', 1, ('COMP', ('ALPHA', 1), ('COMP', ('INSERT', ('COND', ('COMP', ('COMP', 'eq', ('CONS', ('COMP', 1, 1), 2)), 1), 'apndl', 2)), 'theta:append_phi'), 'distr', ('CONS', ('COMP', 2, 2), ('COMP', 2, 1))))), ('COMP', 4, 2)))))))), ('COND', ('COMP', 'not', 'eq', ('CONS', ('COMP', 4, ('COMP', 1, ('COMP', ('ALPHA', 1), ('COMP', ('INSERT', ('COND', ('COMP', ('COMP', 'eq', ('CONS', ('COMP', 1, 1), 2)), 1), 'apndl', 2)), 'theta:append_phi'), 'distr', ('CONS', ('COMP', 2, 2), ('COMP', 2, 1))))), ('CONST', '#'))), ('COND', ('COMP', 'not', 'atom', ('COMP', 'ast:DynFetch', ('CONS', ('COMP', 4, ('COMP', 1, ('COMP', ('ALPHA', 1), ('COMP', ('INSERT', ('COND', ('COMP', ('COMP', 'eq', ('CONS', ('COMP', 1, 1), 2)), 1), 'apndl', 2)), 'theta:append_phi'), 'distr', ('CONS', ('COMP', 2, 2), ('COMP', 2, 1))))), ('COMP', 4, 2)))), ('CONS', ('COMP', 1, 1), ('COMP', 'apply', ('CONS', ('COMP', 4, ('COMP', 1, ('COMP', ('ALPHA', 1), ('COMP', ('INSERT', ('COND', ('COMP', ('COMP', 'eq', ('CONS', ('COMP', 1, 1), 2)), 1), 'apndl', 2)), 'theta:append_phi'), 'distr', ('CONS', ('COMP', 2, 2), ('COMP', 2, 1))))), ('CONS', ('COMP', 1, 1), ('COMP', 2, 1), ('COMP', 2, ('COMP', 1, ('COMP', ('ALPHA', 1), ('COMP', ('INSERT', ('COND', ('COMP', ('COMP', 'eq', ('CONS', ('COMP', 1, 1), 2)), 1), 'apndl', 2)), 'theta:append_phi'), 'distr', ('CONS', ('COMP', 2, 2), ('COMP', 2, 1))))))))), ('CONST', '#')), ('CONST', '#')), ('CONST', '#')), ('CONST', '#'))), 'distr', ('CONS', 1, ('CONS', 2, ('COMP', ('ALPHA', ('CONS', ('COMP', 2, 1), ('COMP', 4, 1), ('COND', ('COMP', 'null', ('COMP', ('COMP', ('INSERT', ('COND', ('COMP', ('COMP', 'eq', ('CONS', ('COMP', 1, 1), 2)), 1), 'apndl', 2)), 'theta:append_phi'), 'distr', ('CONS', ('COMP', 1, 2), ('COMP', 1, 1)))), ('CONST', '#'), ('COMP', 2, 1, 1, ('COMP', ('COMP', ('INSERT', ('COND', ('COMP', ('COMP', 'eq', ('CONS', ('COMP', 1, 1), 2)), 1), 'apndl', 2)), 'theta:append_phi'), 'distr', ('CONS', ('COMP', 1, 2), ('COMP', 1, 1))))), ('COND', ('COMP', 'null', ('COMP', ('COMP', ('INSERT', ('COND', ('COMP', ('COMP', 'eq', ('CONS', ('COMP', 1, 1), 2)), 1), 'apndl', 2)), 'theta:append_phi'), 'distr', ('CONS', ('COMP', 2, 2), ('COMP', 1, 1)))), ('CONST', '#'), ('COMP', 2, 1, 1, ('COMP', ('COMP', ('INSERT', ('COND', ('COMP', ('COMP', 'eq', ('CONS', ('COMP', 1, 1), 2)), 1), 'apndl', 2)), 'theta:append_phi'), 'distr', ('CONS', ('COMP', 2, 2), ('COMP', 1, 1))))))), 'distr', ('CONS', ('COMP', ('COMP', ('INSERT', ('COND', ('COMP', ('COMP', 'eq', ('CONS', 3, ('CONST', 'F1'))), 1), 'apndl', 2)), 'theta:append_phi'), ('COMP', ('COMP', 'theta:natjoin1', ('CONS', ('COMP', 'theta:natjoin1', ('CONS', 1, 2)), 3)), ('CONS', ('COMP', 'apply', ('CONS', ('COMP', 'apply', ('CONS', ('CONST', 'ast:FetchPop'), ('CONST', 'smFrom'))), 3)), ('COMP', 'apply', ('CONS', ('COMP', 'apply', ('CONS', ('CONST', 'ast:FetchPop'), ('CONST', 'smTrigger'))), 3)), ('COMP', 'apply', ('CONS', ('COMP', 'apply', ('CONS', ('CONST', 'ast:FetchPop'), ('CONST', 'smTo'))), 3))))), ('CONS', ('COMP', 'apply', ('CONS', ('COMP', 'apply', ('CONS', ('CONST', 'ast:FetchPop'), ('CONST', 'smGuard'))), 3)), ('COMP', 'apply', ('CONS', ('COMP', 'apply', ('CONS', ('CONST', 'ast:FetchPop'), ('CONST', 'smEmit'))), 3))))), ('COMP', 3, 1, ('COMP', ('ALPHA', 1), ('COMP', ('INSERT', ('COND', ('COMP', ('COMP', 'and', ('CONS', ('COMP', 'eq', ('CONS', ('COMP', 2, 1), ('CONST', 'F1'))), ('COMP', 'theta:member', ('CONS', ('COMP', 4, 1), 2)))), 1), 'apndl', 2)), 'theta:append_phi'), 'distr', ('CONS', ('COMP', 'apply', ('CONS', ('COMP', 'apply', ('CONS', ('CONST', 'ast:FetchPop'), ('CONST', 'role'))), 3)), ('COMP', 'cat', ('CONS', ('COMP', ('ALPHA', 2), ('COMP', 'apply', ('CONS', ('COMP', 'apply', ('CONS', ('CONST', 'ast:FetchPop'), ('CONST', 'smDef'))), 3))), ('COMP', ('ALPHA', 1), ('COMP', 'apply', ('CONS', ('COMP', 'apply', ('CONS', ('CONST', 'ast:FetchPop'), ('CONST', 'governedBy'))), 3)))))))), 3)))"
case:mealy-step-col	"('COMP', ('COMP', ('INSERT', ('COND', ('COMP', ('COMP', 'not', 'atom'), 1), 'apndl', 2)), 'theta:append_phi'), ('ALPHA', ('COND', ('COMP', 'and', ('CONS', ('COMP', 'and', ('CONS', ('COMP', 'eq', ('CONS', ('COMP', 1, 1), ('COND', ('COMP', 'eq', ('CONS', ('COMP', 3, 2), ('CONST', 1))), ('COMP', 1, ('COMP', 1, 2)), ('COMP', 2, ('COMP', 1, 2))))), ('COMP', 'not', 'eq', ('CONS', ('COMP', 2, ('COMP', 1, 2)), ('CONST', '#'))))), ('COMP', 'not', 'null', ('COMP', ('ALPHA', 1), ('COMP', ('INSERT', ('COND', ('COMP', ('COMP', 'eq', ('CONS', ('COMP', 1, 1), 2)), 1), 'apndl', 2)), 'theta:append_phi'), 'distr', ('CONS', ('COMP', 2, 2), ('COMP', 2, 1)))))), ('COND', ('COND', ('COMP', 'eq', ('CONS', ('COMP', 3, ('COMP', 1, ('COMP', ('ALPHA', 1), ('COMP', ('INSERT', ('COND', ('COMP', ('COMP', 'eq', ('CONS', ('COMP', 1, 1), 2)), 1), 'apndl', 2)), 'theta:append_phi'), 'distr', ('CONS', ('COMP', 2, 2), ('COMP', 2, 1))))), ('CONST', '#'))), ('CONST', 'T'), ('COND', ('COMP', 'atom', ('COMP', 'ast:DynFetch', ('CONS', ('COMP', 3, ('COMP', 1, ('COMP', ('ALPHA', 1), ('COMP', ('INSERT', ('COND', ('COMP', ('COMP', 'eq', ('CONS', ('COMP', 1, 1), 2)), 1), 'apndl', 2)), 'theta:append_phi'), 'distr', ('CONS', ('COMP', 2, 2), ('COMP', 2, 1))))), ('COMP', 4, 2)))), ('CONST', 'F'), ('COMP', 'theta:member', ('CONS', ('COMP', 1, 1), ('COMP', ('ALPHA', 1), ('COMP', 'ast:DynFetch', ('CONS', ('COMP', 3, ('COMP', 1, ('COMP', ('ALPHA', 1), ('COMP', ('INSERT', ('COND', ('COMP', ('COMP', 'eq', ('CONS', ('COMP', 1, 1), 2)), 1), 'apndl', 2)), 'theta:append_phi'), 'distr', ('CONS', ('COMP', 2, 2), ('COMP', 2, 1))))), ('COMP', 4, 2)))))))), ('COND', ('COMP', 'not', 'eq', ('CONS', ('COMP', 4, ('COMP', 1, ('COMP', ('ALPHA', 1), ('COMP', ('INSERT', ('COND', ('COMP', ('COMP', 'eq', ('CONS', ('COMP', 1, 1), 2)), 1), 'apndl', 2)), 'theta:append_phi'), 'distr', ('CONS', ('COMP', 2, 2), ('COMP', 2, 1))))), ('CONST', '#'))), ('COND', ('COMP', 'not', 'atom', ('COMP', 'ast:DynFetch', ('CONS', ('COMP', 4, ('COMP', 1, ('COMP', ('ALPHA', 1), ('COMP', ('INSERT', ('COND', ('COMP', ('COMP', 'eq', ('CONS', ('COMP', 1, 1), 2)), 1), 'apndl', 2)), 'theta:append_phi'), 'distr', ('CONS', ('COMP', 2, 2), ('COMP', 2, 1))))), ('COMP', 4, 2)))), ('CONS', ('COMP', 1, 1), ('COMP', 'apply', ('CONS', ('COMP', 4, ('COMP', 1, ('COMP', ('ALPHA', 1), ('COMP', ('INSERT', ('COND', ('COMP', ('COMP', 'eq', ('CONS', ('COMP', 1, 1), 2)), 1), 'apndl', 2)), 'theta:append_phi'), 'distr', ('CONS', ('COMP', 2, 2), ('COMP', 2, 1))))), ('CONS', ('COMP', 1, 1), ('COMP', 2, 1), ('COMP', 2, ('COMP', 1, ('COMP', ('ALPHA', 1), ('COMP', ('INSERT', ('COND', ('COMP', ('COMP', 'eq', ('CONS', ('COMP', 1, 1), 2)), 1), 'apndl', 2)), 'theta:append_phi'), 'distr', ('CONS', ('COMP', 2, 2), ('COMP', 2, 1))))))))), ('CONST', '#')), ('CONST', '#')), ('CONST', '#')), ('CONST', '#'))), 'distr', ('CONS', 1, ('CONS', 2, ('COMP', ('ALPHA', ('CONS', ('COMP', 2, 1), ('COMP', 4, 1), ('COND', ('COMP', 'null', ('COMP', ('COMP', ('INSERT', ('COND', ('COMP', ('COMP', 'eq', ('CONS', ('COMP', 1, 1), 2)), 1), 'apndl', 2)), 'theta:append_phi'), 'distr', ('CONS', ('COMP', 1, 2), ('COMP', 1, 1)))), ('CONST', '#'), ('COMP', 2, 1, 1, ('COMP', ('COMP', ('INSERT', ('COND', ('COMP', ('COMP', 'eq', ('CONS', ('COMP', 1, 1), 2)), 1), 'apndl', 2)), 'theta:append_phi'), 'distr', ('CONS', ('COMP', 1, 2), ('COMP', 1, 1))))), ('COND', ('COMP', 'null', ('COMP', ('COMP', ('INSERT', ('COND', ('COMP', ('COMP', 'eq', ('CONS', ('COMP', 1, 1), 2)), 1), 'apndl', 2)), 'theta:append_phi'), 'distr', ('CONS', ('COMP', 2, 2), ('COMP', 1, 1)))), ('CONST', '#'), ('COMP', 2, 1, 1, ('COMP', ('COMP', ('INSERT', ('COND', ('COMP', ('COMP', 'eq', ('CONS', ('COMP', 1, 1), 2)), 1), 'apndl', 2)), 'theta:append_phi'), 'distr', ('CONS', ('COMP', 2, 2), ('COMP', 1, 1))))))), 'distr', ('CONS', ('COMP', ('COMP', ('INSERT', ('COND', ('COMP', ('COMP', 'eq', ('CONS', 3, ('CONST', 'F1'))), 1), 'apndl', 2)), 'theta:append_phi'), ('COMP', ('COMP', 'theta:natjoin1', ('CONS', ('COMP', 'theta:natjoin1', ('CONS', 1, 2)), 3)), ('CONS', ('COMP', 'apply', ('CONS', ('COMP', 'apply', ('CONS', ('CONST', 'ast:FetchPop'), ('CONST', 'smFrom'))), 3)), ('COMP', 'apply', ('CONS', ('COMP', 'apply', ('CONS', ('CONST', 'ast:FetchPop'), ('CONST', 'smTrigger'))), 3)), ('COMP', 'apply', ('CONS', ('COMP', 'apply', ('CONS', ('CONST', 'ast:FetchPop'), ('CONST', 'smTo'))), 3))))), ('CONS', ('COMP', 'apply', ('CONS', ('COMP', 'apply', ('CONS', ('CONST', 'ast:FetchPop'), ('CONST', 'smGuard'))), 3)), ('COMP', 'apply', ('CONS', ('COMP', 'apply', ('CONS', ('CONST', 'ast:FetchPop'), ('CONST', 'smEmit'))), 3))))), ('COMP', 3, 1, ('COMP', ('ALPHA', 1), ('COMP', ('INSERT', ('COND', ('COMP', ('COMP', 'and', ('CONS', ('COMP', 'eq', ('CONS', ('COMP', 2, 1), ('CONST', 'F1'))), ('COMP', 'theta:member', ('CONS', ('COMP', 4, 1), 2)))), 1), 'apndl', 2)), 'theta:append_phi'), 'distr', ('CONS', ('COMP', 'apply', ('CONS', ('COMP', 'apply', ('CONS', ('CONST', 'ast:FetchPop'), ('CONST', 'role'))), 3)), ('COMP', 'cat', ('CONS', ('COMP', ('ALPHA', 2), ('COMP', 'apply', ('CONS', ('COMP', 'apply', ('CONS', ('CONST', 'ast:FetchPop'), ('CONST', 'smDef'))), 3))), ('COMP', ('ALPHA', 1), ('COMP', 'apply', ('CONS', ('COMP', 'apply', ('CONS', ('CONST', 'ast:FetchPop'), ('CONST', 'governedBy'))), 3)))))))), 3)))"
case:sm-rows-smdef	"(('smDef', ('OrderSM', 'Order')), ('State_Machine_Definition_is_for_Noun', ('OrderSM', 'Order')))"
case:sm-rows-emits-mealy	"(('smEmit', ('t1', 'E1')))"
case:sm-rows-emits-moore	"(('smMoore', ('s1', 'E1')))"
case:sm-rows-unknown	"()"
case:table-columns	"('F1', 'F2')"
case:table-columns-other	"()"
case:registered-boundary	"(('implode', 'separator-and-words', 'text', 'registered'), ('escape_html', 'text', 'html-text', 'registered'), ('slug', 'text', 'identifier', 'registered'), ('lex', 'text', 'token-records', 'registered'), ('strip_prefix', 'prefix-and-text', 'text', 'registered'))"
case:verbalize-role1	"(('{0} is paid by {1}', ('o1', 'c1')))"
case:verbalize-role2	"(('{0} is paid by {1}', ('o1', 'c1')))"
case:verbalize-absent	"()"
case:links-of-active	"(('o1', 'In Cart'), ('o1', 'In Cart'), ('In Cart', 'pay', 'Paid'))"
case:links-of-terminal	"(('o1', 'Shipped'))"
case:polarity-subset	"(('a'))"
case:polarity-exclusion	"(('b', 'P'), ('b', 'Q'))"
case:agg-rule-sum	"(('g1', 5), ('g2', 5))"
case:agg-rule-count	"(('g1', 2), ('g2', 1))"
case:agg-rule-max	"(('g1', 3), ('g2', 5))"
case:validate-of-alethic-default	"((('a'), ('b')), (('x')), 'T')"
case:validate-of-alethic-empty	"((('a'), ('b')), (('x')), 'F')"
case:validate-of-clean	"((('a'), ('b')), (), 'F')"
case:sm-join-two	"(('In Cart', 'E1', 'Paid'), ('Paid', 'E2', 'Shipped'))"
case:sm-join-partial	"(('In Cart', 'E1', 'Paid'))"
case:sm-join-notrig	"()"
case:inclusive-or-spec	"(('c'))"
case:exclusive-or-spec-mixed	"(('c'), ('b'))"
case:exclusive-or-spec-clean	"()"
case:exclusion-spec-violates	"(('b', 'P'), ('b', 'Q'))"
case:exclusion-spec-clean	"()"
case:class-rule-match	"(('t1', 'H'), ('t3', 'H'))"
case:class-rule-none	"()"
case:class-rule-dedup	"(('t1', 'H'))"
case:join-rule2-match	"(('a'))"
case:join-rule2-nomatch	"()"
case:join-rule2-two-hits	"(('a'), ('b'))"
case:ask-pos-size	"2"
case:ask-pos-order	"1"
case:ask-pos-missing	"'#'"
case:ask-filter-match	"(('o1', 'big'), ('o3', 'big'))"
case:ask-filter-none	"()"
case:ask-filter-hash	"()"
case:nav-of-head-o1	"(('o1', 'a'), ('o1', 'c'))"
case:nav-of-head-o2	"(('o2', 'b'))"
case:nav-of-single	"(('o1', 'a'))"
case:row-resolve-hole	"('o1', 'x', '#')"
case:row-resolve-idempotent	"('o1', 'x', '#')"
case:row-resolve-conflict	"<refused>"
case:transitions-of-first	"(('In Cart', 'pay', 'Paid'))"
case:transitions-of-mid	"(('Paid', 'ship', 'Shipped'))"
case:transitions-of-terminal	"()"
case:governed-player	"'Order'"
case:governed-player-none	"()"
case:pass-order	"((1, 'agg'), (2, 'keyed'), (3, 'sweep'), (4, 'dred'))"
case:pass-bound	"((12))"
case:mandatory-implied-holds	"()"
case:mandatory-implied	"(('c'))"
case:equality-side-both	"(('a'), ('c'))"
case:equality-side-right-only	"(('c'))"
case:equality-side-equal	"()"
case:mandatory-facts-violates	"(('c'))"
case:mandatory-facts-holds	"()"
case:mandatory-facts-wide	"()"
case:scoped-exclusive-or-clean	"()"
case:scoped-exclusive-or-mixed	"(('c'), ('b'))"
case:scoped-inclusive-or-violates	"(('c'))"
case:scoped-inclusive-or-empty-scope	"(('a'), ('c'))"
case:scoped-exclusion-violates	"(('b', 'P'), ('b', 'Q'))"
case:scoped-exclusion-holds	"()"
case:scoped-exclusion-same-pop	"()"
case:scoped-subset-violates	"(('c'))"
case:scoped-subset-holds	"()"
case:scoped-subset-empty-super	"(('a'), ('c'))"
case:compile-rule	"('COMP', ('COMP', 'theta:dedup', ('ALPHA', ('CONS', 1))), ('COND', ('COMP', 'theta:member', ('CONS', ('CONST', 'F1'), 'derive:or_heads')), ('COMP', 'derive:on_read', ('CONS', ('CONST', 'F1'), 'id')), ('COND', ('COMP', 'eq', ('CONS', ('COMP', 'ast:fetch', ('CONS', ('CONST', 'F1'), 'id')), ('CONST', '#'))), ('COND', ('COMP', 'eq', ('CONS', ('COMP', ('COND', 'null', ('CONST', '#'), ('COMP', 3, 1)), ('COMP', ('INSERT', ('COND', ('COMP', ('COND', ('COMP', 'not', 'atom'), ('COND', ('COMP', 'eq', ('CONS', 'length', ('CONST', 3))), ('COMP', 'eq', ('CONS', 2, ('CONST', 'FILE'))), ('CONST', 'F')), ('CONST', 'F')), 1), 'apndl', 2)), 'theta:append_phi')), ('CONST', '#'))), ('CONST', ()), ('COND', ('COMP', 'eq', ('CONS', ('COMP', ('COMP', 'ast:fetch', ('CONS', ('CONST', 'F1'), 'id')), ('COMP', 'ast:fetch', ('CONS', ('CONST', 'FILE'), 'id'))), ('CONST', '#'))), ('CONST', ()), ('COMP', ('COMP', 'main:flat', ('ALPHA', 'ast:pop_exp')), ('COMP', ('COMP', 'ast:fetch', ('CONS', ('CONST', 'F1'), 'id')), ('COMP', 'ast:fetch', ('CONS', ('CONST', 'FILE'), 'id')))))), ('COMP', 'ast:fetch', ('CONS', ('CONST', 'F1'), 'id')))))"
case:compile-rule-delta	"('COMP', ('COMP', 'theta:dedup', ('ALPHA', ('CONS', 1))), 1)"
case:compile-rule-delta-1of2	"('COMP', ('COMP', 'theta:dedup', ('ALPHA', ('CONS', 1))), ('COMP', ('theta:natjoin', 1), ('CONS', 1, ('COMP', ('COND', ('COMP', 'theta:member', ('CONS', ('CONST', 'F2'), 'derive:or_heads')), ('COMP', 'derive:on_read', ('CONS', ('CONST', 'F2'), 'id')), ('COND', ('COMP', 'eq', ('CONS', ('COMP', 'ast:fetch', ('CONS', ('CONST', 'F2'), 'id')), ('CONST', '#'))), ('COND', ('COMP', 'eq', ('CONS', ('COMP', ('COND', 'null', ('CONST', '#'), ('COMP', 3, 1)), ('COMP', ('INSERT', ('COND', ('COMP', ('COND', ('COMP', 'not', 'atom'), ('COND', ('COMP', 'eq', ('CONS', 'length', ('CONST', 3))), ('COMP', 'eq', ('CONS', 2, ('CONST', 'FILE'))), ('CONST', 'F')), ('CONST', 'F')), 1), 'apndl', 2)), 'theta:append_phi')), ('CONST', '#'))), ('CONST', ()), ('COND', ('COMP', 'eq', ('CONS', ('COMP', ('COMP', 'ast:fetch', ('CONS', ('CONST', 'F2'), 'id')), ('COMP', 'ast:fetch', ('CONS', ('CONST', 'FILE'), 'id'))), ('CONST', '#'))), ('CONST', ()), ('COMP', ('COMP', 'main:flat', ('ALPHA', 'ast:pop_exp')), ('COMP', ('COMP', 'ast:fetch', ('CONS', ('CONST', 'F2'), 'id')), ('COMP', 'ast:fetch', ('CONS', ('CONST', 'FILE'), 'id')))))), ('COMP', 'ast:fetch', ('CONS', ('CONST', 'F2'), 'id')))), 2))))"
case:compile-rule-delta-2of2	"('COMP', ('COMP', 'theta:dedup', ('ALPHA', ('CONS', 1))), ('COMP', ('theta:natjoin', 1), ('CONS', ('COMP', ('COND', ('COMP', 'theta:member', ('CONS', ('CONST', 'F1'), 'derive:or_heads')), ('COMP', 'derive:on_read', ('CONS', ('CONST', 'F1'), 'id')), ('COND', ('COMP', 'eq', ('CONS', ('COMP', 'ast:fetch', ('CONS', ('CONST', 'F1'), 'id')), ('CONST', '#'))), ('COND', ('COMP', 'eq', ('CONS', ('COMP', ('COND', 'null', ('CONST', '#'), ('COMP', 3, 1)), ('COMP', ('INSERT', ('COND', ('COMP', ('COND', ('COMP', 'not', 'atom'), ('COND', ('COMP', 'eq', ('CONS', 'length', ('CONST', 3))), ('COMP', 'eq', ('CONS', 2, ('CONST', 'FILE'))), ('CONST', 'F')), ('CONST', 'F')), 1), 'apndl', 2)), 'theta:append_phi')), ('CONST', '#'))), ('CONST', ()), ('COND', ('COMP', 'eq', ('CONS', ('COMP', ('COMP', 'ast:fetch', ('CONS', ('CONST', 'F1'), 'id')), ('COMP', 'ast:fetch', ('CONS', ('CONST', 'FILE'), 'id'))), ('CONST', '#'))), ('CONST', ()), ('COMP', ('COMP', 'main:flat', ('ALPHA', 'ast:pop_exp')), ('COMP', ('COMP', 'ast:fetch', ('CONS', ('CONST', 'F1'), 'id')), ('COMP', 'ast:fetch', ('CONS', ('CONST', 'FILE'), 'id')))))), ('COMP', 'ast:fetch', ('CONS', ('CONST', 'F1'), 'id')))), 2), 1)))"
case:compile-rule-neg	"('COMP', ('COMP', 'theta:dedup', ('ALPHA', ('CONS', 1))), ('COMP', ('COMP', 'theta:dedup', ('ALPHA', ('CONS', 1))), ('COND', ('COMP', 'theta:member', ('CONS', ('CONST', 'F1'), 'derive:or_heads')), ('COMP', 'derive:on_read', ('CONS', ('CONST', 'F1'), 'id')), ('COND', ('COMP', 'eq', ('CONS', ('COMP', 'ast:fetch', ('CONS', ('CONST', 'F1'), 'id')), ('CONST', '#'))), ('COND', ('COMP', 'eq', ('CONS', ('COMP', ('COND', 'null', ('CONST', '#'), ('COMP', 3, 1)), ('COMP', ('INSERT', ('COND', ('COMP', ('COND', ('COMP', 'not', 'atom'), ('COND', ('COMP', 'eq', ('CONS', 'length', ('CONST', 3))), ('COMP', 'eq', ('CONS', 2, ('CONST', 'FILE'))), ('CONST', 'F')), ('CONST', 'F')), 1), 'apndl', 2)), 'theta:append_phi')), ('CONST', '#'))), ('CONST', ()), ('COND', ('COMP', 'eq', ('CONS', ('COMP', ('COMP', 'ast:fetch', ('CONS', ('CONST', 'F1'), 'id')), ('COMP', 'ast:fetch', ('CONS', ('CONST', 'FILE'), 'id'))), ('CONST', '#'))), ('CONST', ()), ('COMP', ('COMP', 'main:flat', ('ALPHA', 'ast:pop_exp')), ('COMP', ('COMP', 'ast:fetch', ('CONS', ('CONST', 'F1'), 'id')), ('COMP', 'ast:fetch', ('CONS', ('CONST', 'FILE'), 'id')))))), ('COMP', 'ast:fetch', ('CONS', ('CONST', 'F1'), 'id'))))))"
case:keyof-scheme-last	"'person_nr'"
case:keyof-default	"'van_id'"
case:ddl-ref	"' REFERENCES \"Person\"(\"person_nr\")'"
case:ddl-ref-spaced	"' REFERENCES \"Order Line\"(\"order_nr\")'"
case:rolegroups	"(('F1', ((1, 'Thing'), (2, 'Widget'))), ('F2', ((1, 'Other'))))"
case:role-maxpos	"3"
case:role-maxpos-wide3	"4"
case:role-maxpos-none	"2"
case:rolesof-guards	"((1, 'Thing'), (3, 'Widget'))"
case:rolesof	"((1, 'Thing'), (2, 'Widget'))"
case:rolesof-tie	"((1, 'Beta'), (1, 'Alpha'))"
case:colsof	"('ftA', 'ftC')"
case:coldisamb	"('a', 'b', 'a_2', 'a_3', 'c')"
case:ddl-order	"('orphan', 'parent', 'self', 'child')"
case:ddl-order-cycle	"('a', 'b')"
case:strdown	"'abc'"
case:ddlname-plain	"'person_name'"
case:ddlname-guard	"'t_sqlite_fact_base'"
case:rmap-ddl-entity	"'CREATE TABLE IF NOT EXISTS \"person\" (\n    \"person_id\" TEXT PRIMARY KEY,\n    \"is_active\" BOOLEAN\n);'"
case:rmap-ddl-relation	"'CREATE TABLE IF NOT EXISTS \"likes\" (\n    \"person_id\" TEXT REFERENCES \"person\"(\"person_id\"),\n    \"thing_id\" TEXT,\n    PRIMARY KEY (\"person_id\", \"thing_id\")\n);'"
case:rmap-wide-row-mixed	"('a', (('x')), ())"
case:vb-fetch-absorbed	"(('p1', 'Ada'))"
case:vb-fetch-total	"()"
case:dynfetch	"('p1', 'Ada')"
case:vb-colrow	"(('P', 2, 'P_has_N'))"
case:ftpop-absorbed-mini	"(('p1', 'Ada'))"
case:sel-str	"<refused>"
case:ftpop-fetch-mini	"(('p1'))"
case:ftpop-pairsel-mini	"('p1', 'Ada')"
case:lex-words	"(('Each', 'Each', 'Each', '', 'each', '', 'T', 'Each', 'F', 0), ('Task1', 'Task1', 'Task', '1', 'task1', '', 'T', 'Task1', 'F', 0), ('occurs.', 'occurs', 'occurs', '', 'occurs.', '', 'F', 'occurs.', 'F', 0))"
case:lex-quoted	"(('Status', 'Status', 'Status', '', 'status', '', 'T', 'Status', 'F', 0), (''In', ''In', ''In', '', ''in', 'In', 'F', ''In', 'T', 1), ('Cart'', 'Cart'', 'Cart'', '', 'cart'', 'Cart', 'T', 'Cart'', 'T', 1), ('is', 'is', 'is', '', 'is', '', 'F', 'is', 'F', 0), ('to', 'to', 'to', '', 'to', '', 'F', 'to', 'F', 0), ('Status', 'Status', 'Status', '', 'status', '', 'T', 'Status', 'F', 0), (''Placed'.', ''Placed'', ''Placed'', '', ''placed'.', 'Placed', 'F', ''Placed'.', 'T', 2))"
case:lex-hyphen	"(('Gauge', 'Gauge', 'Gauge', '', 'gauge', '', 'T', 'Gauge', 'F', 0), ('has', 'has', 'has', '', 'has', '', 'F', 'has', 'F', 0), ('upper-', 'upper-', 'upper-', '', 'upper-', '', 'F', 'upper', 'F', 0), ('Level', 'Level', 'Level', '', 'level', '', 'T', 'Level', 'F', 0), ('and', 'and', 'and', '', 'and', '', 'F', 'and', 'F', 0), ('Type', 'Type', 'Type', '', 'type', '', 'T', 'Type', 'F', 0), ('-adj', '-adj', '-adj', '', '-adj', '', 'F', 'adj', 'F', 0), ('and', 'and', 'and', '', 'and', '', 'F', 'and', 'F', 0), ('FORE--', 'FORE--', 'FORE--', '', 'fore--', '', 'T', 'FORE-', 'F', 0), ('WORD', 'WORD', 'WORD', '', 'word', '', 'T', 'WORD', 'F', 0), ('and', 'and', 'and', '', 'and', '', 'F', 'and', 'F', 0), ('from-Status', 'from-Status', 'from-Status', '', 'from-status', '', 'F', 'from-Status', 'F', 0))"
case:implode-tpl	"'{0} was {1}'"
case:implode-us	"'a_b'"
case:slug-reading	"'Order_was_placed_by_Customer'"
case:slug-hyphen	"'place_receipt'"
case:reading-parse	"('{0} was placed by {1}', ('Order', 'Customer'))"
case:reading-parse-munch	"('{0} has {1}', ('Event Type', 'Name'))"
case:con-text-uc	"'Each Person has at most one Name.'"
case:con-text-mc	"'Each Person has some Name.'"
case:con-text-deontic	"'c4.'"
case:con-text-unary	"()"
case:con-text-other	"()"
case:con-pair-uc	"('UC', 'Each Person has at most one Name.')"
case:con-pair-mc	"('MC', 'Each Person has some Name.')"
case:con-pair-deontic	"('UC', 'c4.')"
case:dsl-row	"('Task', 'entity', ('a reading', 'b reading'), (('MC', 'a sentence'), ('UC', 'z sentence')), (('t1', 'f', 'y'), ('t2', 'f', 'x')))"
case:ot-kinds	"(('Alpha', 'entity'), ('Name', 'value'), ('Task', 'entity'))"
case:subset-cfiltered	"(('s_bad'))"
case:machine-fold	"'c'"
case:mgreedy-fold	"'c'"
case:mgreedy-order	"'c'"
case:mgreedy-repeat	"'a'"
case:mgreedy-none	"'a'"
case:mf-keys	"('t2', 't3', 't1')"
case:mf-keys-absent	"()"
case:mf-entity-fires	"('T', 'c')"
case:mf-entity-init	"('T', 'c')"
case:mf-entity-quiet	"('F', 'a')"
case:mf-entity-roundtrip	"('F', 'a')"
case:mf-entity-roundtrip-init	"('T', 'a')"
case:mf-evkeys-pos1	"('t1', 't2', 't3', 't4')"
case:mf-evkeys-pos2	"('x', 'y')"
case:mf-evkeys-absent	"()"
case:h-finality	"((('finality', ('Task', 3))), ())"
case:h-finality-zero	"((('finality', ('X', 0))), ())"
case:subset-proj	"((1, 2), (2, 1))"
case:subset-proj-dup	"((), ())"
case:subset-proj-reorder	"((1, 3), (2, 1))"
case:h-possibility	"((('possibility', ('some Order is shipped', 'possible'))), ())"
case:h-possibility-nec	"((('possibility', ('some Order is shipped', 'necessary'))), ())"
case:brace-excl	"(('constraint', ('sxc_ab', 'exclusion', 'A', ('A', 'B'), '')), ('subtypePartition', ('A', 'X')), ('subtypePartition', ('B', 'X')))"
case:brace-excl-three	"(('constraint', ('sxc_pqr', 'exclusion', 'P', ('P', 'Q', 'R'), 'obligatory')), ('subtypePartition', ('P', 'Party')), ('subtypePartition', ('Q', 'Party')), ('subtypePartition', ('R', 'Party')))"
case:subset-specs	"(('c1', 'constraints:scoped_subset_projected', ('B_ft', (1, 2), (2, 1))))"
case:subset-specs-two	"(('c1', 'constraints:scoped_subset_projected', ('B_ft', (1, 2), (2, 1))), ('c2', 'constraints:scoped_subset_projected', ('B_ft', (1, 2), (2, 1))))"
case:h-dispatch	"((('finality', ('Task', 3))), ())"
case:h-dispatch-modal	"((('possibility', ('some X', 'necessary'))), ())"
case:h-dispatch-unknown	"((), ())"
case:mf-bysft	"(('s1', (('e1', 'open'), ('e2', 'done'))), ('s2', (('e3', 'x'))))"
case:mf-bysft-interleaved	"(('s2', (('a', 'p'), ('c', 'r'))), ('s1', (('b', 'q'))))"
case:mf-evpos	"1"
case:mf-evpos-second	"2"
case:replay-barrier-plain	"'F'"
case:replay-barrier-trigger	"'T'"
case:replay-barrier-retract	"'T'"
case:classify-order	"('entity_type', 'value_type', 'ref_scheme', 'ref_mode', 'data_type', 'sm_def', 'sm_initial', 'sm_from', 'sm_to', 'sm_trigger', 'sm_guard', 'sm_emit', 'sm_moore', 'value_constraint', 'spanning_uc', 'spanning_uc2', 'for_each_mandatory', 'frequency', 'ring', 'subtype_of', 'brace_subtypes', 'objectification', 'set_comparison', 'neg_uniqueness', 'neg_mandatory', 'disjunctive_mandatory', 'inverse_uc', 'subset', 'class_rule', 'equality', 'rule_if', 'rule_iff', 'derivation_rule', 'neg_uniqueness', 'neg_mandatory', 'disjunctive_mandatory', 'uniqueness', 'mandatory', 'finality', 'neg_pair', 'negation', 'subset_trailing', 'fact_type_reading')"
case:id-sentinel-ok	"'F'"
case:id-sentinel-empty	"'T'"
case:id-sentinel-phi	"'T'"
case:id-sentinel-norow	"'F'"
case:id-sentinel-late	"'F'"
case:write-refused-error	"'T'"
case:write-refused-unchanged	"'T'"
case:write-committed	"'F'"
case:role1-player	"'Task'"
case:role1-player-norole1	"<refused>"
case:governing-noun	"'Employee'"
case:governing-noun-self	"'Task'"
case:status-ft	"'Task_has_Status'"
case:status-ft-none	"()"
case:machine-of	"'EmpMachine'"
case:machine-of-fallback	"'TaskMachine'"
case:machine-of-none	"()"
case:initial-status	"'open'"
case:initial-status-none	"()"
case:has-status-moved	"'T'"
case:has-status-absent	"'F'"
case:slot-filled	"'T'"
case:slot-hash	"'F'"
case:slot-short	"'F'"
case:noun-roles	"(('P_manages_P', 1, '{0} manages {1}'), ('P_manages_P', 2, '{0} manages {1}'), ('P_has_Name', 1, ''))"
case:noun-roles-none	"()"
case:ft-table	"'Person'"
case:ft-table-own	"'Standalone_ft'"
case:is-trigger	"'T'"
case:is-trigger-machine	"'F'"
case:is-trigger-plain	"'F'"
case:trigger-fts	"('OrderShipped', 'TaskFinished')"
case:ft-roles	"((1, 'Person'), (2, 'Person'))"
case:ft-roles-absent	"()"
case:ft-arity-unary	"1"
case:ft-arity-ternary	"3"
case:ft-arity-none	"2"
case:col-pos-first	"2"
case:col-pos-second	"3"
case:supertypes-of	"('Person')"
case:subtypes-of	"('Intern', 'Manager')"
case:supertypes-of-root	"()"
case:vals-of-many	"('ObjectType', 'Thing')"
case:vals-of-absent	"()"
case:governance-plans	"(('governedBy_rule_base', ('smDef'), (2, 1), 'governedBy'), ('governedBy_rule_step', ('subtype', 'governedBy'), (1, 3), 'governedBy'))"
case:reading-parse-hyphen	"('{0} has upper {1} local and FORE- WORD and from-Status', ('Gauge', 'Level'))"
case:reading-ftid	"'Order_was_placed_by_Customer'"
case:skolem-mints-frontier-id	"<refused>"
case:skolem-empty-frontier-bottoms	"<refused>"
case:escape-html-entities	"'a&lt;b&gt;&amp;&quot;c'"
case:escape-html-int-refuses	"<refused>"
case:sqlcol-unary-strips-noun	"'is_started'"
case:sqlcol-ref-joins-mode	"'customer_nr'"
case:sqlcol-value-names-player	"'task_priority'"
case:sqlcol-dedup-suffixes-second	"'task_priority_2'"
case:entity-view-canonical	"('T', (('is_started', 'T'), ('Task Priority', 'p2')), ())"
case:entity-view-role2-key	"('T', (('Support Response', 's1')), ())"
case:rmap-cone-transitive	"('Function', 'Noun', 'Resource', 'Status', 'Verb')"
case:rmap-cone-leaf	"('Status')"
case:rmap-conepos	"(('Status_has_HTTP_Method', 1))"
case:entity-view-subtype-noun	"('T', (('HTTP Method', 'DELETE')), ())"
case:read-parse-witness	"((('SaleContainsItemInQuantity', ('Sale', 'Item', 'Quantity'))), (('SaleContainsItemInQuantity', ('Sale', 'Item', 'Quantity'), ((1, 2)), (), (()))), (), (('SaleContainsItemInQuantity', ('Sale', 'Item', 'Quantity'), ((1, 2)), (), (()), ('Sale', 'contains', 'Item', 'in', 'Quantity'), ('{0}', 'contains', '{1}', 'in', '{2}'))), ((('Sale'), ('Sale'), 'Sale'), (('Item'), ('Item'), 'Item'), (('Quantity'), ('Quantity'), 'Quantity')))"
case:read-uc-compact	"((('SaleHasQuantity', ('Sale', 'Quantity'))), (('SaleHasQuantity', ('Sale', 'Quantity'), ((1)), (), (()))), (), (('SaleHasQuantity', ('Sale', 'Quantity'), ((1)), (), (()), ('Sale', 'has', 'Quantity'), ('{0}', 'has', '{1}'))), ((('Sale'), ('Sale'), 'Sale'), (('Quantity'), ('Quantity'), 'Quantity')))"
case:read-uc-separated	"((('SaleHasQuantity', ('Sale', 'Quantity')), ('SaleHasPrice', ('Sale', 'Price'))), (('SaleHasQuantity', ('Sale', 'Quantity'), ((1)), (), (())), ('SaleHasPrice', ('Sale', 'Price'), ((1)), (), (()))), (), (('SaleHasQuantity', ('Sale', 'Quantity'), ((1)), (), (()), ('Sale', 'has', 'Quantity'), ('{0}', 'has', '{1}')), ('SaleHasPrice', ('Sale', 'Price'), ((1)), (), (()), ('Sale', 'has', 'Price'), ('{0}', 'has', '{1}'))), ((('Sale'), ('Sale'), 'Sale'), (('Quantity'), ('Quantity'), 'Quantity'), (('Price'), ('Price'), 'Price')))"
case:read-mandatory	"((('SaleHasQuantity', ('Sale', 'Quantity')), ('SaleHasPrice', ('Sale', 'Price'))), (('SaleHasQuantity', ('Sale', 'Quantity'), ((1, 2)), (1), (())), ('SaleHasPrice', ('Sale', 'Price'), ((1)), (), (()))), (), (('SaleHasQuantity', ('Sale', 'Quantity'), (), (1), (()), ('Sale', 'has', 'Quantity'), ('{0}', 'has', '{1}')), ('SaleHasPrice', ('Sale', 'Price'), ((1)), (), (()), ('Sale', 'has', 'Price'), ('{0}', 'has', '{1}'))), ((('Sale'), ('Sale'), 'Sale'), (('Quantity'), ('Quantity'), 'Quantity'), (('Price'), ('Price'), 'Price')))"
case:read-declarations	"((('PartHasSKUName', ('Part', 'S K U Name'))), (('PartHasSKUName', ('Part', 'S K U Name'), ((1)), (), (()))), (('SUVIsASubtypeOfMotorVehicle', ('SUV', 'Motor Vehicle'), ('subtype')), ('ThePossibleValuesOfSKUNameAreBolt,Frame', ('S K U Name'), ('values', ()))), (('SUVIsASubtypeOfMotorVehicle', ('SUV', 'Motor Vehicle'), (), (), ('subtype'), ('SUV', 'is', 'a', 'subtype', 'of', 'Motor', 'Vehicle'), ('{0}', 'is', 'a', 'subtype', 'of', '{1}')), ('ThePossibleValuesOfSKUNameAreBolt,Frame', ('S K U Name'), (), (), ('values', ()), ('The', 'possible', 'values', 'of', 'S', 'K', 'U', 'Name', 'are', 'Bolt', ',', 'Frame'), ('The', 'possible', 'values', 'of', '{0}', 'are', 'Bolt', ',', 'Frame')), ('PartHasSKUName', ('Part', 'S K U Name'), ((1)), (), (()), ('Part', 'has', 'S', 'K', 'U', 'Name'), ('{0}', 'has', '{1}'))), ((('SUV'), ('SUV'), 'SUV'), (('Part'), ('Part'), 'Part'), (('Motor', 'Vehicle'), ('Motor', 'Vehicle'), 'Motor Vehicle'), (('S', 'K', 'U', 'Name'), ('S', 'K', 'U', 'Name'), 'S K U Name'), (('SUV'), ('SUV'), 'SUV')))"
case:read-deontic	"((('SaleHasQuantity', ('Sale', 'Quantity'))), (('SaleHasQuantity', ('Sale', 'Quantity'), ((1)), (), (()))), (('ItIsObligatoryThatEachSaleHasSomeQuantity', ('Sale', 'Quantity'), ('deontic_obligatory')), ('SaleHasQuantity', (), ('deontic_mand', (1))), ('ItIsForbiddenThatTheSameSaleHasMoreThanOneQuantity', ('Sale', 'Quantity'), ('deontic_forbidden'))), (('SaleHasQuantity', ('Sale', 'Quantity'), ((1)), (), (()), ('Sale', 'has', 'Quantity'), ('{0}', 'has', '{1}')), ('ItIsObligatoryThatEachSaleHasSomeQuantity', ('Sale', 'Quantity'), (), (), ('deontic_obligatory'), ('It', 'is', 'obligatory', 'that', 'each', 'Sale', 'has', 'some', 'Quantity'), ('It', 'is', 'obligatory', 'that', 'each', '{0}', 'has', 'some', '{1}')), ('SaleHasQuantity', (), (), (), ('deontic_mand', (1)), (), ()), ('ItIsForbiddenThatTheSameSaleHasMoreThanOneQuantity', ('Sale', 'Quantity'), (), (), ('deontic_forbidden'), ('It', 'is', 'forbidden', 'that', 'the', 'same', 'Sale', 'has', 'more', 'than', 'one', 'Quantity'), ('It', 'is', 'forbidden', 'that', 'the', 'same', '{0}', 'has', 'more', 'than', 'one', '{1}'))), ((('Sale'), ('Sale'), 'Sale'), (('Quantity'), ('Quantity'), 'Quantity')))"
case:read-ring	"((('PortLinksToPort', ('Port', 'Port')), ('DomainReachesDomain', ('Domain', 'Domain'))), (('PortLinksToPort', ('Port', 'Port'), ((1, 2)), (), (())), ('DomainReachesDomain', ('Domain', 'Domain'), ((1, 2)), (), (()))), (('PortLinksToPort', ('Port', 'Port'), ('ring_irreflexive')), ('PortLinksToPort', ('Port', 'Port'), ('ring_symmetric')), ('DomainReachesDomain', ('Domain', 'Domain'), ('ring_acyclic'))), (('PortLinksToPort', ('Port', 'Port'), (), (), (()), ('Port', 'links', 'to', 'Port'), ('{0}', 'links', 'to', '{1}')), ('PortLinksToPort', ('Port', 'Port'), (), (), ('ring_irreflexive'), ('Port', 'links', 'to', 'Port'), ('{0}', 'links', 'to', '{1}')), ('PortLinksToPort', ('Port', 'Port'), (), (), ('ring_symmetric'), ('Port', 'links', 'to', 'Port'), ('{0}', 'links', 'to', '{1}')), ('DomainReachesDomain', ('Domain', 'Domain'), (), (), (()), ('Domain', 'reaches', 'Domain'), ('{0}', 'reaches', '{1}')), ('DomainReachesDomain', ('Domain', 'Domain'), (), (), ('ring_acyclic'), ('Domain', 'reaches', 'Domain'), ('{0}', 'reaches', '{1}'))), ((('Port'), ('Port'), 'Port'), (('Domain'), ('Domain'), 'Domain')))"
case:read-subset	"((('HumanIssuesOrder', ('Human', 'Order')), ('AgentObeysOrder', ('Agent', 'Order')), ('AgentCausesHarm', ('Agent', 'Harm'))), (('HumanIssuesOrder', ('Human', 'Order'), ((1, 2)), (), (())), ('AgentObeysOrder', ('Agent', 'Order'), ((1, 2)), (), (())), ('AgentCausesHarm', ('Agent', 'Harm'), ((1, 2)), (), (()))), (('ItIsForbiddenThatAgentCausesHarm', ('Agent', 'Harm'), ('deontic_forbidden')), ('ItIsObligatoryThatAgentObeysOrderIfHumanIssuesThatOrder', ('Agent', 'Order', 'Human', 'Order'), ('subset', 'deontic'))), (('HumanIssuesOrder', ('Human', 'Order'), (), (), (()), ('Human', 'issues', 'Order'), ('{0}', 'issues', '{1}')), ('AgentObeysOrder', ('Agent', 'Order'), (), (), (()), ('Agent', 'obeys', 'Order'), ('{0}', 'obeys', '{1}')), ('AgentCausesHarm', ('Agent', 'Harm'), (), (), (()), ('Agent', 'causes', 'Harm'), ('{0}', 'causes', '{1}')), ('ItIsForbiddenThatAgentCausesHarm', ('Agent', 'Harm'), (), (), ('deontic_forbidden'), ('It', 'is', 'forbidden', 'that', 'Agent', 'causes', 'Harm'), ('It', 'is', 'forbidden', 'that', '{0}', 'causes', '{1}')), ('ItIsObligatoryThatAgentObeysOrderIfHumanIssuesThatOrder', ('Agent', 'Order', 'Human', 'Order'), (), (), ('subset', 'deontic'), ('It', 'is', 'obligatory', 'that', 'Agent', 'obeys', 'Order', 'if', 'Human', 'issues', 'that', 'Order'), ('It', 'is', 'obligatory', 'that', '{0}', 'obeys', '{1}', 'if', '{2}', 'issues', 'that', '{3}'))), ((('Human'), ('Human'), 'Human'), (('Agent'), ('Agent'), 'Agent'), (('Order'), ('Order'), 'Order'), (('Harm'), ('Harm'), 'Harm')))"
case:deontic-ledger	"(('It is forbidden that Agent causes Harm', 'Agent_causes_Harm', ('a1', 'h1')), ('It is forbidden that Agent causes Harm', 'Agent_causes_Harm', ('a2', 'h7')))"
case:deontic-ledger-clean	"()"
case:deontic-unhandled	"(('It is forbidden that Agent causes Harm', 'Agent_causes_Harm', ('a2', 'h7')))"
case:coldisamb-before	"('a', 'a_2', 'a_2_2')"
case:coldisamb-after	"('a_2', 'a', 'a_3')"
case:read-population	"((('PartHasPartName', ('Part', 'Part Name'))), (('PartHasPartName', ('Part', 'Part Name'), ((1, 2)), (), ((('SKU-1', 'Hex Bolt'), ('SKU-2', 'Lock Washer'))))), (('PartHasPartName', ('Part', 'Part Name'), ('instance', ('SKU-1', 'Hex Bolt'))), ('PartHasPartName', ('Part', 'Part Name'), ('instance', ('SKU-2', 'Lock Washer')))), (('PartHasPartName', ('Part', 'Part Name'), (), (), ((('SKU-1', 'Hex Bolt'), ('SKU-2', 'Lock Washer'))), ('Part', 'has', 'Part', 'Name'), ('{0}', 'has', '{1}')), ('PartHasPartName', ('Part', 'Part Name'), (), (), ('instance', ('SKU-1', 'Hex Bolt')), (), ()), ('PartHasPartName', ('Part', 'Part Name'), (), (), ('instance', ('SKU-2', 'Lock Washer')), (), ())), ((('Part'), ('Part'), 'Part'), (('Part', 'Name'), ('Part', 'Name'), 'Part Name')))"
case:probe-refmode-vt	"'Task_id'"
case:probe-refmode-ft	"'Task_has_Task_id'"
case:probe-refmode-uc	"'Task_has_Task_id_uc'"
case:probe-refmode-rows	"(('instanceOf', ('Task_id', 'ValueType')), ('factType', ('Task_has_Task_id', '{0} has {1}')), ('role', ('Task_has_Task_id.1', 'Task_has_Task_id', 1, 'Task')), ('role', ('Task_has_Task_id.2', 'Task_has_Task_id', 2, 'Task_id')), ('constraint', ('Task_has_Task_id_uc', 'uniqueness', 'Task_has_Task_id', 'alethic')), ('spans', ('Task_has_Task_id_uc', 1)), ('constraint', ('Task_has_Task_id_pid', 'uniqueness', 'Task_has_Task_id', 'alethic')), ('spans', ('Task_has_Task_id_pid', 2)), ('constraint', ('Task_has_Task_id_mand', 'mandatory', 'Task_has_Task_id', 'Task', 'alethic')), ('spans', ('Task_has_Task_id_mand', 1)))"
case:refmode-expand-sha	"((('instanceOf', ('Commit', 'ObjectType')), ('refMode', ('Commit', 'sha')), ('instanceOf', ('Commit_sha', 'ValueType')), ('factType', ('Commit_has_Commit_sha', '{0} has {1}')), ('role', ('Commit_has_Commit_sha.1', 'Commit_has_Commit_sha', 1, 'Commit')), ('role', ('Commit_has_Commit_sha.2', 'Commit_has_Commit_sha', 2, 'Commit_sha')), ('constraint', ('Commit_has_Commit_sha_uc', 'uniqueness', 'Commit_has_Commit_sha', 'alethic')), ('spans', ('Commit_has_Commit_sha_uc', 1)), ('constraint', ('Commit_has_Commit_sha_pid', 'uniqueness', 'Commit_has_Commit_sha', 'alethic')), ('spans', ('Commit_has_Commit_sha_pid', 2)), ('constraint', ('Commit_has_Commit_sha_mand', 'mandatory', 'Commit_has_Commit_sha', 'Commit', 'alethic')), ('spans', ('Commit_has_Commit_sha_mand', 1))), (('Commit_has_Commit_sha_uc', ('COMP', ('ALPHA', 1), ('COMP', ('INSERT', ('COND', ('COMP', ('COMP', 'not', 'null', ('COMP', ('INSERT', ('COND', ('COMP', ('COMP', 'and', ('CONS', ('COMP', 'eq', ('CONS', ('COMP', ('CONS', 1), 1), ('COMP', ('CONS', 1), 2))), ('COMP', 'not', 'eq'))), 1), 'apndl', 2)), 'theta:append_phi'), 'distl'), 1), 'apndl', 2)), 'theta:append_phi'), 'distr', ('CONS', 'id', 'id'))), ('Commit_has_Commit_sha_pid', ('COMP', ('ALPHA', 1), ('COMP', ('INSERT', ('COND', ('COMP', ('COMP', 'not', 'null', ('COMP', ('INSERT', ('COND', ('COMP', ('COMP', 'and', ('CONS', ('COMP', 'eq', ('CONS', ('COMP', ('CONS', 2), 1), ('COMP', ('CONS', 2), 2))), ('COMP', 'not', 'eq'))), 1), 'apndl', 2)), 'theta:append_phi'), 'distl'), 1), 'apndl', 2)), 'theta:append_phi'), 'distr', ('CONS', 'id', 'id'))), ('Commit_has_Commit_sha_mand', ('COMP', 'theta:setminus', ('CONS', ('COMP', 'theta:proj1', ('COMP', ('COND', ('COMP', 'theta:member', ('CONS', ('CONST', 'Commit'), 'derive:or_heads')), ('COMP', 'derive:on_read', ('CONS', ('CONST', 'Commit'), 'id')), ('COND', ('COMP', 'eq', ('CONS', ('COMP', 'ast:fetch', ('CONS', ('CONST', 'Commit'), 'id')), ('CONST', '#'))), ('COND', ('COMP', 'eq', ('CONS', ('COMP', ('COND', 'null', ('CONST', '#'), ('COMP', 3, 1)), ('COMP', ('INSERT', ('COND', ('COMP', ('COND', ('COMP', 'not', 'atom'), ('COND', ('COMP', 'eq', ('CONS', 'length', ('CONST', 3))), ('COMP', 'eq', ('CONS', 2, ('CONST', 'FILE'))), ('CONST', 'F')), ('CONST', 'F')), 1), 'apndl', 2)), 'theta:append_phi')), ('CONST', '#'))), ('CONST', ()), ('COND', ('COMP', 'eq', ('CONS', ('COMP', ('COMP', 'ast:fetch', ('CONS', ('CONST', 'Commit'), 'id')), ('COMP', 'ast:fetch', ('CONS', ('CONST', 'FILE'), 'id'))), ('CONST', '#'))), ('CONST', ()), ('COMP', ('COMP', 'main:flat', ('ALPHA', 'ast:pop_exp')), ('COMP', ('COMP', 'ast:fetch', ('CONS', ('CONST', 'Commit'), 'id')), ('COMP', 'ast:fetch', ('CONS', ('CONST', 'FILE'), 'id')))))), ('COMP', 'ast:fetch', ('CONS', ('CONST', 'Commit'), 'id')))), 2)), ('COMP', 'theta:proj1', 1)))), ('Commit_has_Commit_sha_mand_e', ('COMP', 'theta:setminus', ('CONS', ('COMP', 'theta:proj1', 1), ('COMP', 'theta:proj1', ('COMP', ('COND', ('COMP', 'theta:member', ('CONS', ('CONST', 'Commit_has_Commit_sha'), 'derive:or_heads')), ('COMP', 'derive:on_read', ('CONS', ('CONST', 'Commit_has_Commit_sha'), 'id')), ('COND', ('COMP', 'eq', ('CONS', ('COMP', 'ast:fetch', ('CONS', ('CONST', 'Commit_has_Commit_sha'), 'id')), ('CONST', '#'))), ('COND', ('COMP', 'eq', ('CONS', ('COMP', ('COND', 'null', ('CONST', '#'), ('COMP', 3, 1)), ('COMP', ('INSERT', ('COND', ('COMP', ('COND', ('COMP', 'not', 'atom'), ('COND', ('COMP', 'eq', ('CONS', 'length', ('CONST', 3))), ('COMP', 'eq', ('CONS', 2, ('CONST', 'FILE'))), ('CONST', 'F')), ('CONST', 'F')), 1), 'apndl', 2)), 'theta:append_phi')), ('CONST', '#'))), ('CONST', ()), ('COND', ('COMP', 'eq', ('CONS', ('COMP', ('COMP', 'ast:fetch', ('CONS', ('CONST', 'Commit_has_Commit_sha'), 'id')), ('COMP', 'ast:fetch', ('CONS', ('CONST', 'FILE'), 'id'))), ('CONST', '#'))), ('CONST', ()), ('COMP', ('COMP', 'main:flat', ('ALPHA', 'ast:pop_exp')), ('COMP', ('COMP', 'ast:fetch', ('CONS', ('CONST', 'Commit_has_Commit_sha'), 'id')), ('COMP', 'ast:fetch', ('CONS', ('CONST', 'FILE'), 'id')))))), ('COMP', 'ast:fetch', ('CONS', ('CONST', 'Commit_has_Commit_sha'), 'id')))), 2)))))))"
case:probe-refmode-objs	"(('Commit_has_Commit_sha_uc', ('COMP', ('ALPHA', 1), ('COMP', ('INSERT', ('COND', ('COMP', ('COMP', 'not', 'null', ('COMP', ('INSERT', ('COND', ('COMP', ('COMP', 'and', ('CONS', ('COMP', 'eq', ('CONS', ('COMP', ('CONS', 1), 1), ('COMP', ('CONS', 1), 2))), ('COMP', 'not', 'eq'))), 1), 'apndl', 2)), 'theta:append_phi'), 'distl'), 1), 'apndl', 2)), 'theta:append_phi'), 'distr', ('CONS', 'id', 'id'))), ('Commit_has_Commit_sha_pid', ('COMP', ('ALPHA', 1), ('COMP', ('INSERT', ('COND', ('COMP', ('COMP', 'not', 'null', ('COMP', ('INSERT', ('COND', ('COMP', ('COMP', 'and', ('CONS', ('COMP', 'eq', ('CONS', ('COMP', ('CONS', 2), 1), ('COMP', ('CONS', 2), 2))), ('COMP', 'not', 'eq'))), 1), 'apndl', 2)), 'theta:append_phi'), 'distl'), 1), 'apndl', 2)), 'theta:append_phi'), 'distr', ('CONS', 'id', 'id'))), ('Commit_has_Commit_sha_mand', ('COMP', 'theta:setminus', ('CONS', ('COMP', 'theta:proj1', ('COMP', ('COND', ('COMP', 'theta:member', ('CONS', ('CONST', 'Commit'), 'derive:or_heads')), ('COMP', 'derive:on_read', ('CONS', ('CONST', 'Commit'), 'id')), ('COND', ('COMP', 'eq', ('CONS', ('COMP', 'ast:fetch', ('CONS', ('CONST', 'Commit'), 'id')), ('CONST', '#'))), ('COND', ('COMP', 'eq', ('CONS', ('COMP', ('COND', 'null', ('CONST', '#'), ('COMP', 3, 1)), ('COMP', ('INSERT', ('COND', ('COMP', ('COND', ('COMP', 'not', 'atom'), ('COND', ('COMP', 'eq', ('CONS', 'length', ('CONST', 3))), ('COMP', 'eq', ('CONS', 2, ('CONST', 'FILE'))), ('CONST', 'F')), ('CONST', 'F')), 1), 'apndl', 2)), 'theta:append_phi')), ('CONST', '#'))), ('CONST', ()), ('COND', ('COMP', 'eq', ('CONS', ('COMP', ('COMP', 'ast:fetch', ('CONS', ('CONST', 'Commit'), 'id')), ('COMP', 'ast:fetch', ('CONS', ('CONST', 'FILE'), 'id'))), ('CONST', '#'))), ('CONST', ()), ('COMP', ('COMP', 'main:flat', ('ALPHA', 'ast:pop_exp')), ('COMP', ('COMP', 'ast:fetch', ('CONS', ('CONST', 'Commit'), 'id')), ('COMP', 'ast:fetch', ('CONS', ('CONST', 'FILE'), 'id')))))), ('COMP', 'ast:fetch', ('CONS', ('CONST', 'Commit'), 'id')))), 2)), ('COMP', 'theta:proj1', 1)))), ('Commit_has_Commit_sha_mand_e', ('COMP', 'theta:setminus', ('CONS', ('COMP', 'theta:proj1', 1), ('COMP', 'theta:proj1', ('COMP', ('COND', ('COMP', 'theta:member', ('CONS', ('CONST', 'Commit_has_Commit_sha'), 'derive:or_heads')), ('COMP', 'derive:on_read', ('CONS', ('CONST', 'Commit_has_Commit_sha'), 'id')), ('COND', ('COMP', 'eq', ('CONS', ('COMP', 'ast:fetch', ('CONS', ('CONST', 'Commit_has_Commit_sha'), 'id')), ('CONST', '#'))), ('COND', ('COMP', 'eq', ('CONS', ('COMP', ('COND', 'null', ('CONST', '#'), ('COMP', 3, 1)), ('COMP', ('INSERT', ('COND', ('COMP', ('COND', ('COMP', 'not', 'atom'), ('COND', ('COMP', 'eq', ('CONS', 'length', ('CONST', 3))), ('COMP', 'eq', ('CONS', 2, ('CONST', 'FILE'))), ('CONST', 'F')), ('CONST', 'F')), 1), 'apndl', 2)), 'theta:append_phi')), ('CONST', '#'))), ('CONST', ()), ('COND', ('COMP', 'eq', ('CONS', ('COMP', ('COMP', 'ast:fetch', ('CONS', ('CONST', 'Commit_has_Commit_sha'), 'id')), ('COMP', 'ast:fetch', ('CONS', ('CONST', 'FILE'), 'id'))), ('CONST', '#'))), ('CONST', ()), ('COMP', ('COMP', 'main:flat', ('ALPHA', 'ast:pop_exp')), ('COMP', ('COMP', 'ast:fetch', ('CONS', ('CONST', 'Commit_has_Commit_sha'), 'id')), ('COMP', 'ast:fetch', ('CONS', ('CONST', 'FILE'), 'id')))))), ('COMP', 'ast:fetch', ('CONS', ('CONST', 'Commit_has_Commit_sha'), 'id')))), 2))))))"
case:probe-refmode-mand-e	"'Commit_has_Commit_sha_mand_e'"
case:probe-refmode-pid	"'Commit_has_Commit_sha_pid'"
case:probe-refmode-r2	"'Commit_has_Commit_sha.2'"
case:extent-of	"('t1', 't2', 't3')"
case:extent-of-value	"('A', 'B')"
case:ident-rows	"(('t1', 't1'), ('t2', 't2'), ('t3', 't3'))"
case:refmode-expand	"((('instanceOf', ('Task', 'ObjectType')), ('refMode', ('Task', 'id')), ('instanceOf', ('Task_id', 'ValueType')), ('factType', ('Task_has_Task_id', '{0} has {1}')), ('role', ('Task_has_Task_id.1', 'Task_has_Task_id', 1, 'Task')), ('role', ('Task_has_Task_id.2', 'Task_has_Task_id', 2, 'Task_id')), ('constraint', ('Task_has_Task_id_uc', 'uniqueness', 'Task_has_Task_id', 'alethic')), ('spans', ('Task_has_Task_id_uc', 1)), ('constraint', ('Task_has_Task_id_pid', 'uniqueness', 'Task_has_Task_id', 'alethic')), ('spans', ('Task_has_Task_id_pid', 2)), ('constraint', ('Task_has_Task_id_mand', 'mandatory', 'Task_has_Task_id', 'Task', 'alethic')), ('spans', ('Task_has_Task_id_mand', 1))), (('Task_has_Task_id_uc', ('COMP', ('ALPHA', 1), ('COMP', ('INSERT', ('COND', ('COMP', ('COMP', 'not', 'null', ('COMP', ('INSERT', ('COND', ('COMP', ('COMP', 'and', ('CONS', ('COMP', 'eq', ('CONS', ('COMP', ('CONS', 1), 1), ('COMP', ('CONS', 1), 2))), ('COMP', 'not', 'eq'))), 1), 'apndl', 2)), 'theta:append_phi'), 'distl'), 1), 'apndl', 2)), 'theta:append_phi'), 'distr', ('CONS', 'id', 'id'))), ('Task_has_Task_id_pid', ('COMP', ('ALPHA', 1), ('COMP', ('INSERT', ('COND', ('COMP', ('COMP', 'not', 'null', ('COMP', ('INSERT', ('COND', ('COMP', ('COMP', 'and', ('CONS', ('COMP', 'eq', ('CONS', ('COMP', ('CONS', 2), 1), ('COMP', ('CONS', 2), 2))), ('COMP', 'not', 'eq'))), 1), 'apndl', 2)), 'theta:append_phi'), 'distl'), 1), 'apndl', 2)), 'theta:append_phi'), 'distr', ('CONS', 'id', 'id'))), ('Task_has_Task_id_mand', ('COMP', 'theta:setminus', ('CONS', ('COMP', 'theta:proj1', ('COMP', ('COND', ('COMP', 'theta:member', ('CONS', ('CONST', 'Task'), 'derive:or_heads')), ('COMP', 'derive:on_read', ('CONS', ('CONST', 'Task'), 'id')), ('COND', ('COMP', 'eq', ('CONS', ('COMP', 'ast:fetch', ('CONS', ('CONST', 'Task'), 'id')), ('CONST', '#'))), ('COND', ('COMP', 'eq', ('CONS', ('COMP', ('COND', 'null', ('CONST', '#'), ('COMP', 3, 1)), ('COMP', ('INSERT', ('COND', ('COMP', ('COND', ('COMP', 'not', 'atom'), ('COND', ('COMP', 'eq', ('CONS', 'length', ('CONST', 3))), ('COMP', 'eq', ('CONS', 2, ('CONST', 'FILE'))), ('CONST', 'F')), ('CONST', 'F')), 1), 'apndl', 2)), 'theta:append_phi')), ('CONST', '#'))), ('CONST', ()), ('COND', ('COMP', 'eq', ('CONS', ('COMP', ('COMP', 'ast:fetch', ('CONS', ('CONST', 'Task'), 'id')), ('COMP', 'ast:fetch', ('CONS', ('CONST', 'FILE'), 'id'))), ('CONST', '#'))), ('CONST', ()), ('COMP', ('COMP', 'main:flat', ('ALPHA', 'ast:pop_exp')), ('COMP', ('COMP', 'ast:fetch', ('CONS', ('CONST', 'Task'), 'id')), ('COMP', 'ast:fetch', ('CONS', ('CONST', 'FILE'), 'id')))))), ('COMP', 'ast:fetch', ('CONS', ('CONST', 'Task'), 'id')))), 2)), ('COMP', 'theta:proj1', 1)))), ('Task_has_Task_id_mand_e', ('COMP', 'theta:setminus', ('CONS', ('COMP', 'theta:proj1', 1), ('COMP', 'theta:proj1', ('COMP', ('COND', ('COMP', 'theta:member', ('CONS', ('CONST', 'Task_has_Task_id'), 'derive:or_heads')), ('COMP', 'derive:on_read', ('CONS', ('CONST', 'Task_has_Task_id'), 'id')), ('COND', ('COMP', 'eq', ('CONS', ('COMP', 'ast:fetch', ('CONS', ('CONST', 'Task_has_Task_id'), 'id')), ('CONST', '#'))), ('COND', ('COMP', 'eq', ('CONS', ('COMP', ('COND', 'null', ('CONST', '#'), ('COMP', 3, 1)), ('COMP', ('INSERT', ('COND', ('COMP', ('COND', ('COMP', 'not', 'atom'), ('COND', ('COMP', 'eq', ('CONS', 'length', ('CONST', 3))), ('COMP', 'eq', ('CONS', 2, ('CONST', 'FILE'))), ('CONST', 'F')), ('CONST', 'F')), 1), 'apndl', 2)), 'theta:append_phi')), ('CONST', '#'))), ('CONST', ()), ('COND', ('COMP', 'eq', ('CONS', ('COMP', ('COMP', 'ast:fetch', ('CONS', ('CONST', 'Task_has_Task_id'), 'id')), ('COMP', 'ast:fetch', ('CONS', ('CONST', 'FILE'), 'id'))), ('CONST', '#'))), ('CONST', ()), ('COMP', ('COMP', 'main:flat', ('ALPHA', 'ast:pop_exp')), ('COMP', ('COMP', 'ast:fetch', ('CONS', ('CONST', 'Task_has_Task_id'), 'id')), ('COMP', 'ast:fetch', ('CONS', ('CONST', 'FILE'), 'id')))))), ('COMP', 'ast:fetch', ('CONS', ('CONST', 'Task_has_Task_id'), 'id')))), 2)))))))"
case:refmode-none	"((('instanceOf', ('Task', 'ObjectType'))), ())"
case:field-type-entity	"'entity'"
case:field-refmode	"'sha'"
case:field-type-declared	"'date'"
case:field-type-enum	"'enum'"
case:field-type-text	"'text'"
case:control-edit-date	"'datepicker'"
case:control-edit-enum	"'selectlist'"
case:control-edit-bool	"'switch'"
case:control-edit-entity	"'textbox'"
case:control-edit-money	"'textbox'"
case:control-view-entity	"'button'"
case:control-edit-unknown	"'label'"
case:control-view-date	"'label'"
case:control-list-title	"'text'"
case:control-list-other	"'subtext'"
case:check-arity	"(('F_bad', 2, 1), ('F_wide', 1, 2))"
case:partition-uc-role1	"(('A', 'F'))"
case:partition-uc-role2	"(('B', 'F'))"
case:deontic-subset-viols	"(('sub_x', 'F_ant', ('c', 'd')))"
case:render-json-tree	"'[\"menu\",[[\"button\",\"finish\",\"completed\"]]]'"
case:render-menu-canonical	"'<nav class=\"menu\"><button name=\"go\" value=\"done\">go</button></nav>'"
case:and-tt	"'T'"
case:and-tf	"'F'"
case:not-t	"'F'"
case:not-f	"'T'"
case:le-num	"'T'"
case:le-str	"'T'"
case:length	"3"
case:length-phi	"0"
case:chars	"('a', 'b', 'c')"
case:charup	"'A'"
case:charup-noop	"'A'"
case:chardown	"'z'"
case:charisup	"'T'"
case:charisup-f	"'F'"
case:charislow	"'T'"
case:charisdigit	"'T'"
case:charisdigit-f	"'F'"
case:ntoa	"'42'"
case:quote-str	"'\"ab\"'"
case:strip-prefix	"'c'"
case:strip-prefix-miss	"'abc'"
case:strip-prefix-equal	"''"
case:charup-multi	"'Z'"
case:charisup-multi	"'T'"
case:charup-empty	"''"
case:show-int	"'42'"
case:show-str	"''ab''"
case:show-numstr	"''42''"
case:show-seq	"'('a', 1)'"
case:show-phi	"'()'"
case:show-one	"'('c')'"
case:show-nested	"'(('a', 1), 2)'"
case:create-commits	"'committed'"
case:create-refuses	"'refused'"
case:tr-kinds	"(('translate_nouns', 'entity_type'), ('translate_nouns', 'value_type'), ('translate_nouns', 'subtype_of'), ('translate_nouns', 'brace_subtypes'), ('translate_subtypes', 'subtype_of'), ('translate_subtypes', 'brace_subtypes'), ('translate_enum_values', 'value_constraint'), ('translate_data_types', 'data_type'), ('translate_instance_facts', 'fact_type_reading'), ('translate_fact_types', 'fact_type_reading'), ('translate_derivation_mode_facts', 'fact_type_reading'), ('translate_derivation_rules', 'class_rule'), ('translate_derivation_rules', 'rule_if'), ('translate_derivation_rules', 'rule_iff'), ('translate_derivation_rules', 'derivation_rule'), ('translate_cardinality_constraints', 'uniqueness'), ('translate_cardinality_constraints', 'inverse_uc'), ('translate_cardinality_constraints', 'spanning_uc'), ('translate_cardinality_constraints', 'spanning_uc2'), ('translate_cardinality_constraints', 'frequency'), ('translate_cardinality_constraints', 'neg_uniqueness'), ('translate_cardinality_constraints', 'disjunctive_mandatory'), ('translate_cardinality_constraints', 'mandatory'), ('translate_cardinality_constraints', 'for_each_mandatory'), ('translate_cardinality_constraints', 'neg_mandatory'), ('translate_ring_constraints', 'ring'), ('translate_set_constraints', 'set_comparison'), ('translate_set_constraints', 'subset'), ('translate_set_constraints', 'subset_trailing'), ('translate_set_constraints', 'equality'), ('translate_set_constraints', 'disjunctive_mandatory'), ('translate_value_constraints', 'value_constraint'), ('translate_state_machines', 'sm_def'), ('translate_state_machines', 'sm_initial'), ('translate_state_machines', 'sm_from'), ('translate_state_machines', 'sm_to'), ('translate_state_machines', 'sm_trigger'), ('translate_state_machines', 'sm_guard'), ('translate_state_machines', 'sm_emit'), ('translate_state_machines', 'sm_moore'), ('translate_finality', 'finality'), ('translate_objectifications', 'objectification'), ('translate_negation', 'neg_pair'), ('translate_negation', 'negation'))"
case:kinds-of	"('class_rule', 'rule_if', 'rule_iff', 'derivation_rule')"
case:kinds-of-cardinality	"('uniqueness', 'inverse_uc', 'spanning_uc', 'spanning_uc2', 'frequency', 'neg_uniqueness', 'disjunctive_mandatory', 'mandatory', 'for_each_mandatory', 'neg_mandatory')"
case:kinds-of-unknown	"()"
case:modal-ops	"(('It is obligatory that ', 'deontic', 'positive'), ('It is forbidden that ', 'deontic', 'negative'), ('It is necessary that ', 'alethic', 'positive'), ('It is impossible that ', 'alethic', 'negative'), ('It is possible that ', 'alethic', 'possibility'), ('', 'alethic', 'positive'))"
case:quant-min	"('some', 'that', 'each', 'no')"
case:quant-full	"('some', 'that', 'each', 'no', 'an', 'a')"
case:qualifiers	"('that', 'some', 'the', 'other', 'a', 'an')"
case:implicit-stop	"('If', 'When', 'Then', 'That', 'This', 'An', 'A', 'The', 'Each', 'Some', 'No', 'Every', 'Not', 'It', 'There', 'Once', 'For', 'In', 'Of', 'To', 'On', 'At', 'By', 'With', 'And', 'Or', 'Only')"
case:noun-quants	"('each', 'some', 'every', 'no', 'any')"
case:owned-modes	"('fully-derived', 'derived-and-stored')"
case:generic-classifications	"('Fact Type Reading', 'Instance Fact')"
case:generated-prefixes	"('dsl:', 'xsd:', 'owl:', 'edm:', 'html:', 'dtd:', 'wsdl:', 'xforms:', 'plix:', 'nav:', 'solidity:')"
case:sm-phrases	"('is initial', 'is from Status', 'is to Status', 'is triggered by Fact Type', 'is defined in State Machine')"
case:cooked-kinds	"('sm_trigger', 'sm_guard', 'ring', 'frequency', 'value_constraint', 'uniqueness', 'mandatory', 'neg_uniqueness', 'neg_mandatory', 'for_each_mandatory', 'inverse_uc', 'spanning_uc', 'spanning_uc2', 'negation', 'subtype_of', 'fact_type_reading', 'derivation_rule', 'class_rule', 'neg_pair', 'rule_if', 'rule_iff')"
case:cook-exceptions	"(('deontic', 'fact_type_reading'))"
case:session-verbs	"('apps_check', 'apps_compile', 'apps_create', 'apps_current', 'apps_list', 'apps_register', 'apps_status', 'apps_use', 'context', 'engine_version', 'orient', 'select_component', 'tutor_actions', 'tutor_apply', 'tutor_authoring', 'tutor_check', 'tutor_compile', 'tutor_get', 'tutor_list', 'tutor_propose', 'tutor_query', 'tutor_reset')"
case:app-verbs	"('actions', 'apply', 'ask', 'cells', 'compile', 'explain', 'get', 'induce', 'propose', 'query', 'retract', 'schema', 'sql', 'synthesize', 'validate', 'verify')"
case:resident-ops	"('base_seed', 'cells', 'compile_model', 'neval', 'query', 'run_rules', 'sql_project', 'synthesize_pairs', 'verbs')"
case:store-verbs	"('get', 'actions', 'schema', 'synthesize', 'query', 'cells', 'derive', 'nav')"
case:read-family	"('get', 'actions', 'schema', 'synthesize')"
case:receipt-verbs	"('apply', 'retract')"
case:read-verbs	"('get', 'schema', 'sql', 'explain', 'validate', 'verify', 'actions', 'synthesize', 'entities', 'items')"
case:modal-prefix-plain	"''"
case:modal-prefix-deontic	"'It is forbidden that '"
case:modal-prefix-possible	"'It is possible that '"
case:deontic-ops	"(('positive', 'deontic_obligatory'), ('negative', 'deontic_forbidden'))"
case:derivation-modes	"(('**', 'derived-and-stored', 'T'), ('++', 'semi-derived-and-stored', 'T'), ('*', 'fully-derived', 'F'), ('+', 'semi-derived', 'F'))"
case:cmp-ops	"(('exceeds', 'gt'), ('is greater than', 'gt'), ('is less than', 'lt'), ('is at least', 'ge'), ('is at most', 'le'), ('equals', 'eq'), ('is before', 'lt'), ('is after', 'gt'))"
case:agg-ops	"('min', 'max', 'count', 'sum', 'avg')"
case:cs-prefix	"(('disjunctive_mandatory', 'ior_'), ('subset', 'subset_'), ('equality', 'eq_'))"
case:bootstrap-kinds	"('class_rule', 'entity_type', 'fact_type_reading', 'value_constraint', 'value_type')"
case:hop-connectives	"('that', 'who')"
case:anaphor-connectives	"('that', 'those')"
case:cardinality-openers	"('at most one', 'exactly one')"
case:attach-modes	"(('uniqueness', 'local'), ('spanning_uniqueness', 'local'), ('frequency', 'local'), ('ring_irreflexive', 'local'), ('ring_symmetric', 'local'), ('ring_asymmetric', 'local'), ('ring_antisymmetric', 'local'), ('ring_intransitive', 'local'), ('ring_acyclic', 'local'), ('subtype', 'foreign'), ('external_uniqueness', 'foreign'), ('value', 'local'), ('mandatory', 'arc'), ('subset', 'foreign'), ('equality', 'ab'), ('exclusion', 'clause'), ('exclusive_or', 'clause'), ('disjunctive_mandatory', 'clause'), ('deontic_forbidden', 'df'), ('deontic_obligatory', 'do'))"
case:cs-builders	"(('exclusion', 'constraints:exclusion'), ('exclusive_or', 'constraints:exclusive_or'), ('inclusive_or', 'constraints:inclusive_or'), ('scoped_exclusion', 'constraints:scoped_exclusion'), ('scoped_exclusive_or', 'constraints:scoped_exclusive_or'), ('scoped_inclusive_or', 'constraints:scoped_inclusive_or'), ('scoped_subset', 'constraints:scoped_subset'), ('scoped_equality_side', 'constraints:scoped_equality_side'))"
case:panes	"('tabs', 'master', 'detail', 'popover')"
case:pane-for	"(('tabs', 'tabs'), ('list', 'master'), ('detail', 'detail'), ('entry', 'popover'))"
case:validate-of-two-local	"((('a'), ('b')), (('x'), ('y')), 'T')"
case:cannot-produce-empty	"'T'"
case:cannot-produce-fires	"'F'"
case:cannot-produce-count-fires	"'F'"
case:cannot-produce-sum-fires	"'F'"
case:cannot-produce-join-fires	"'F'"
case:cannot-produce-join-both-still	"'T'"
case:any-reads-hit	"'T'"
case:any-reads-miss	"'F'"
case:form-lookup	"('joinon', 'derive:form_joinon')"
case:unknown-form-refuses	"<refused>"
case:trigger-advances	"(('o1', 'placed'))"
case:trigger-guarded	"(('o1', 'placed'))"
case:compile-declares	"('LawIsScopedToDomain', ('Law', 'Domain'))"
case:compile-fts	"('ClaimIsWitnessedByStage', ('Function', 'Function'), ((1, 2)), (), (()))"
case:declare-lands	"(('AHasB', ('A', 'B'), ''), ('LawHolds', ('Law'), ''))"
case:create-swaps-population	"('AHasB', ('Function', 'Function'), ((1, 2)), (), ((('x', '1'), ('y', '2'))))"
case:create-leaves-others	"('AHasB', ('Function', 'Function'), ((1, 2)), (), ((('x', '1'))))"
case:defs-step-admits	"201"
case:defs-step-refuses	"409"
case:create-validates-clean	"'F'"
case:create-refuses-alethic	"'T'"
case:retract-removes	"(('y', '2'))"
case:retract-absent	"(('x', '1'), ('y', '2'))"
case:replace-swaps	"(('x', '9'), ('y', '2'))"
case:replace-upserts	"(('z', '3'), ('x', '1'), ('y', '2'))"
case:supersession-holds	"'T'"
case:supersession-catches-live	"'F'"
case:supersession-catches-chain	"'F'"
case:outcome-committed	"'committed'"
case:outcome-deontic-commits	"'committed_with_violations'"
case:outcome-uniqueness-refuses	"'refused'"
case:outcome-mandatory-refuses	"'refused'"
case:outcome-mixed-refuses	"'refused'"
case:outcome-unknown-family-refuses	"'refused'"
case:match-unique	"'ann'"
case:match-shared-phone-refuses	"()"
case:match-absent-number	"()"
case:match-dedups-one-agent	"'ann'"
case:match-prune-resolves-ambiguity	"'cal'"
case:match-prune-can-empty	"()"
case:match-prune-keeps-singleton	"'dee'"
case:match-fill-searches-the-path	"'ann'"
case:match-fill-shared-phone-refuses	"()"
case:match-fill-unknown-number	"()"
case:validate-mandatory-fires	"(('AgentHasPhone', 'mandatory', 'bob'))"
case:validate-mandatory-satisfied	"()"
case:validate-no-mandatory-declared	"()"
case:refmode-mandatory-holds-where-the-entity-does	"(('AgentHasPhone', 'mandatory', 'ann'), ('AgentHasPhone', 'mandatory', 'bob'))"
case:deontic-violation-commits-the-write	"2"
case:alethic-violation-refuses-the-write	"1"
case:read-all-rows	"3"
case:read-restricts-by-filler	"(('cal', '555-0300'))"
case:read-filler-matches-nothing	"()"
case:read-wildcard-skips-role-one	"(('bob', '555-0200'), ('cal', '555-0200'))"
case:read-wildcard-everywhere-is-all	"3"
case:subset-satisfied	"()"
case:subset-violation-refuses	"(('Sub', 'subset', 'z'))"
case:subset-deontic-warns	"(('Sub', 'deontic', 'z'))"
case:eval-pairwith-full-path	"(('a', 'x', 'tag'), ('b', 'y', 'tag'))"
case:eval-pairwith-nested-source	"(('a', 'closed'), ('b', 'closed'))"
case:eval-unknown-form-refuses	"<refused>"
case:eval-sum-groups	"(('g1', 5), ('g2', 5))"
case:eval-count-groups	"(('g1', 2), ('g2', 1))"
case:reads-sum-one-source	"('F1')"
case:strat-sum-cycle-refused	"'F'"
case:sum-over-a-derived-source	"(('g1', 5), ('g2', 5))"
case:machine-for-each-instance	"(('sm.x1', 'x1'), ('sm.x2', 'x2'))"
case:machine-seeded-at-effective-initial	"(('sm.x1', 'a'), ('sm.x2', 'a'))"
case:machine-is-instance-of-its-definition	"(('sm.x1', 'M'), ('sm.x2', 'M'))"
case:status-defined-through-a-nested-machine	"(('Draft', 'Open'), ('Open', 'SR'), ('Draft', 'SR'))"
case:harel-inherited-edge	"(('M', 't9', 'done', 'e9'), ('a', 't9', 'done', 'e9'), ('b', 't9', 'done', 'e9'))"
case:sqltype-declared-decimal	"'DECIMAL'"
case:sqltype-declared-integer	"'INTEGER'"
case:sqltype-undeclared-defaults-text	"'TEXT'"
case:subset-joinpath-holds	"()"
case:subset-joinpath-violated	"(('A', 'subset', ('a1', 'b1')))"
case:pop-nested-binary	"(('a', 'x'), ('a', 'z'), ('b', 'y'))"
case:pop-nested-keeps-rows	"(('c', 'p', 'q'))"
case:marker-marked-spans-modes	"('Alpha', 'Beta', 'Gamma', 'Delta')"
case:marker-marked-semi-alone	"('Beta')"
case:marker-marked-subtype-alone	"('Gamma')"
case:field-opts-enum	"('open', 'done', 'blocked')"
case:field-opts-text	"()"
case:enum-values-split	"('Data Link', 'x', 'a, b')"
case:control-edit-largetext	"'textarea'"
case:new-instance-validated-with-its-fact	"0"
case:new-instance-with-a-phone-commits	"1"
case:refused-fact-leaves-no-instance	"('ann')"
case:machine-table-is-scoped-and-inherits	"(('New', 'TicketStarts', 'Open'), ('Open', 'TicketCloses', 'Closed'), ('A', 'TicketAdvances', 'B'), ('A', 'TicketCloses', 'Closed'), ('B', 'TicketCloses', 'Closed'))"
case:shared-status-name-does-not-cross-attach	"(('A', 'NotePublishes', 'Published'))"
case:entering-a-composite-descends	"(('t1', 'A'))"
case:transition-from-a-composite-fires	"(('t1', 'Closed'))"
case:links-at-a-nested-status	"(('t1', 'A'), ('A', 'TicketAdvances', 'B'), ('A', 'TicketCloses', 'Closed'))"
case:a-lap-through-a-composite-comes-back	"(('r1', 'Received'), ('r2', 'Received'))"
case:a-lap-does-not-depend-on-declaration-order	"(('r1', 'Received'), ('r2', 'Received'))"
case:the-fold-follows-the-machine-graph	"(('Received', 'RequestAccepts', 'Draft'), ('Received', 'RequestResolves', 'Resolved'), ('Draft', 'RequestResolves', 'Resolved'), ('Resolved', 'RequestReopens', 'Open'), ('Open', 'RequestResolves', 'Resolved'))"
case:the-fold-order-is-the-graph-whatever-the-declaration	"(('Received', 'RequestAccepts', 'Draft'), ('Received', 'RequestResolves', 'Resolved'), ('Draft', 'RequestResolves', 'Resolved'), ('Resolved', 'RequestReopens', 'Open'), ('Open', 'RequestResolves', 'Resolved'))"
case:recipe-restricted-head-constants	"(('bryant@driv.ly', 'create', 'Support Request'))"
case:recipe-restricted-head-and-body	"(('f1', 'open'))"
case:recipe-restricted-head-reordered	"(('c', 'a'))"
case:auth-no-context-permits-all	"(('t1', 'A'), ('A', 'TicketAdvances', 'B'), ('A', 'TicketCloses', 'Closed'))"
case:auth-unary-permits-the-login	"(('t1', 'A'), ('A', 'TicketAdvances', 'B'), ('A', 'TicketCloses', 'Closed'))"
case:auth-unary-refuses-another-login	"()"
case:auth-unary-refuses-the-empty-caller	"()"
case:auth-ternary-names-the-link	"(('A', 'TicketCloses', 'Closed'))"
case:a-user-the-app-authorizes-is-offered-every-link	"(('ThingHasOwner', ('t1')), ('ThingIsStarted', ('t1')))"
case:no-link-is-built-for-the-empty-caller	"()"
case:another-login-is-refused-every-link	"()"
case:a-tries-atoms-are-its-rows-atoms	"('a', 'b', 'x')"
case:a-tries-rows-hold-the-same-atoms	"('a', 'b', 'x')"
case:a-peer-holds-the-id-in-a-row	"(('Sparse', ('x')))"
case:a-key-no-row-holds-is-no-peer	"()"
case:a-uniqueness-reads-the-cell-a-closure-puts	"(('UcPair', 'uniqueness', 1))"
case:a-store-without-the-cell-is-read-through-its-descriptor	"(('UcPair', 'uniqueness', 1))"
case:a-uniqueness-over-two-roles-of-three-is-checked	"(('MuTri', 'uniqueness', (1, 2)))"
case:a-span-whose-values-are-distinct-holds	"()"
case:a-deontic-uniqueness-warns-for-the-key-that-repeats	"(('W', 'deontic', 'a'))"
case:a-deontic-uniqueness-over-two-roles-names-both-values	"(('W3', 'deontic', ('a', 'b')))"
case:a-marked-rule-marks-its-head	"(('NodeDependsOnNode', 'full'), ('NodeRestsOnNode', 'semi'))"
case:a-head-its-rule-marks-fully-derived-is-not-assertable	"('NodeProvidesServiceToNode', 'NodeRestsOnNode')"
case:a-rule-marks-the-fact-type-its-words-name	"(('LoaderHasResumability', 'full'))"
case:a-readings-marker-stands-over-its-rules	"(('DomainReachesDomain', 'semi'))"
case:a-row-under-a-head-its-rule-owns-is-inert	"(())"
case:a-write-by-the-empty-caller-is-asked-to-sign-in	"('\"write refused: sign in; this app takes writes only from a signed-in user\"', 401)"
case:a-write-by-a-login-the-app-does-not-authorize-is-forbidden	"('\"write refused: 'bob' is not authorized to write NoteHasBody\"', 403)"
case:a-write-by-the-login-the-app-authorizes-commits	"201"
case:every-write-method-asks-the-empty-caller-to-sign-in	"(401, 401, 401, 401)"
case:a-write-verb-asks-the-empty-caller-to-sign-in	"('write refused: sign in; this app takes writes only from a signed-in user', 'F')"
case:a-read-is-not-asked-who	"200"
case:an-app-with-no-designation-takes-a-write-from-anyone	"201"
case:an-app-with-no-designation-passes-an-assert-from-anyone	"''"
case:a-write-of-an-event-names-the-event	"('Note has Stamp', 'NoteHasBody')"
case:a-designation-of-operations-takes-the-operation-it-names	"(201, 403)"
case:a-write-verb-names-its-operations	"((('Note has Stamp', 'n2'), ('NoteHasBody', 'n2')), (('NoteHasBody', 'n2')))"
case:declared-names	"('AgentHasPhone', 'TeamHasAgent')"
case:declared-names-without-the-cell	"()"
case:api-unknown-resource-is-404	"404"
case:prohibited-rows-are-violations	"(('MessageUsesDash', 'deontic', 'm1'), ('MessageUsesDash', 'deontic', 'm2'))"
case:prohibited-empty-population-is-quiet	"()"
case:prohibited-literal-restricts-the-role	"(('MessageHasOpeningStyle', 'deontic', 'm1'))"
case:prohibited-qualified-by-a-unary	"(('MessageRecommendsAPI', 'deontic', 'm1'))"
case:deontic-on-a-supertype-binds-a-subtype-instance	"(('ResponseIsNatural', 'deontic', 'r1'))"
case:ids-of-a-supertype-are-its-subtype-cone	"('r1')"
case:deontic-on-a-subtype-does-not-reach-the-supertype	"()"
case:a-create-of-a-subtype-warns-under-its-supertypes-obligation	"('committed_with_violations', (('w1', 's1')), (), (('ThingBelongsToDomain', 'deontic', 'w1')))"
case:the-same-create-with-no-subtype-edge-is-clean	"('committed', (('w1', 's1')), (), ())"
case:trial-sees-the-written-row	"(('MessageUsesDash', 'deontic', 'm1'))"
case:api-malformed-is-400	"400"
case:post-introduces-no-warning	"('committed', (('cal', '555-9999'), ('ann', '555-0100')), (), ())"
case:post-introduces-a-warning	"('committed_with_violations', (('t1', 'dan')), (), (('AgentHasPhone', 'deontic', 'dan')))"
case:entity-machine-by-instance-type	"'Ticket'"
case:entity-machine-falls-back-to-the-type	"'Thing'"
case:one-name-keeps-the-possessive	"'OnTheDataSubject'sBehalf'"
case:one-name-keeps-the-abbreviation	"'AdoptsStandardContractualClauseForArt.28'"
case:one-name-raises-each-word	"'CharterOfFundamentalRightsOfTheCrossBorderUnion'"
case:screen-actions-at-a-nested-status	"(('actions', 'actions (A)', ('button', 'TicketAdvances', ('fire', 'TicketAdvances', 'Ticket', 't1'), 'Undefined'), ('button', 'TicketCloses', ('fire', 'TicketCloses', 'Ticket', 't1'), 'Undefined')))"
case:collapse-follows-the-identifier-order	"(('info', 'X', 'Start', 'Start', 'T', ('f', 'XHasStart')), ('info', 'X', 'End', 'End', 'T', ('f', 'XHasEnd')))"
case:collapse-keeps-an-unheld-child-last	"(('info', 'X', 'Start', 'Start', 'T', ('f', 'XHasStart')), ('info', 'X', 'End', 'End', 'T', ('f', 'XHasEnd')), ('info', 'X', 'Z', 'Z', 'F', ('f', 'XHasZ')))"
case:get-of-an-empty-population	"('[[\"resource\",\"MessageUsesDash\"],[\"columns\",[\"Message\",\"Dash\"]],[\"rows\",[]],[\"violations\",[]],[\"links\",[]]]', 200)"
case:get-of-an-unknown-resource-is-404	"('\"no collection or fact type is named NoSuchResource: GET reads a collection, or the population of a fact type, asserted or derived\"', 404)"
case:get-of-a-ternary-names-its-columns	"('[[\"resource\",\"TileIsPairedWithTileByPairingMethod\"],[\"columns\",[\"Tile\",\"Tile\",\"Pairing Method\"]],[\"rows\",[[\"1\",\"2\",\"Binary Complement\"]]],[\"violations\",[]],[\"links\",[]]]', 200)"
case:get-of-a-collection-names-its-columns	"('[[\"resource\",\"Note\"],[\"columns\",[\"Note\",\"NoteHasBody\",\"NoteHasStamp\"]],[\"rows\",[[\"n1\",[[\"Replaced the drum\"]],[[\"T1\"]]]]],[\"violations\",[]],[\"links\",[]]]', 200)"
case:mcp-tool-carries-its-reading	"(('MessageRecommendsPlan', ('Message', 'Plan'), 'Message recommends Plan'))"
case:mcp-tool-without-a-reading	"(('MessageRecommendsPlan', ('Message', 'Plan'), ''))"
case:verb-declared-to-take-the-store	"'store'"
case:verb-declared-to-take-arguments	"'name-and-store'"
case:verb-the-model-does-not-describe	"''"
case:verbs-are-the-runnable-declared-operations	"(('v1', 'store', 'cell-list', ''))"
case:a-verb-carries-its-description	"(('v1', 'store', 'cell-list', 'answers the cells'))"
case:domain-descriptions-keep-the-domains	"(('d1', 'Top'), ('d2', 'Child'))"
case:vanity-speaks-the-last-domain	"('layer', 'd2', (), ('menu', 'Child'))"

case:verb-declared-to-take-the-populations	"'recipe-and-populations'"
case:verb-declared-to-take-the-descriptors	"'descriptors'"
case:a-query-reads-a-fully-derived-head-as-its-rule-computes-it	"(('t1', 'Applied'))"
case:a-query-reads-no-row-of-a-fully-derived-head-its-rule-does-not-compute	"()"
case:a-query-joins-a-fully-derived-head-with-an-asserted-one	"(('t1', 'Applied', 'sam'))"
case:reads-pairwith-one-source	"('F1')"
case:reads-calc-one-source	"('F1')"
case:reads-starts-one-source	"('F1')"
case:an-ask-reads-a-fully-derived-head-as-its-rule-computes-it	"(('ThingIsInStatus', (('t1', 'Applied'))))"
case:derive-starts-a-head-it-owns-from-nothing	"(('t1', 'Applied'))"
case:derive-is-handed-the-asserted-populations	"'asserted-populations'"
case:verb-taking-descriptors-is-handed-the-fact-types	"(('AHasB', ('A', 'B'), ((1, 2)), (), (('x', '1'))))"
case:verb-called-with-no-arguments-gets-the-empty-argument	"((), (('AHasB', (('x', '1')))))"
case:verb-declared-to-take-the-cells	"(('CELL', 'FILE', (('CELL', 'FunctionAcceptsTypeExpression', (('verify', 'cells'))))))"
case:a-rule-head-is-served-though-it-has-no-descriptor	"(('AHasB', ('A', 'B'), ''), ('CIsD', ('C', 'D'), 'C is D'))"
case:a-store-with-no-rules-serves-its-declared-schema	"(('AHasB', ('A', 'B'), ''))"
case:a-negated-leg-subtracts-the-superseded-rows	"(('a1'))"
case:synthesize-separates-unchecked-from-violated	"(('Message 'm1' uses Dash '-'.'), (('MessageUsesDash', 'deontic', 'm1')), ('MessageIsNatural'), 'F')"
case:a-judgement-decides-what-was-unchecked	"(('Message 'm1' is natural.'), (('MessageIsNatural', 'deontic', 'm2')), (), 'F')"
case:an-obligation-nothing-violates-is-still-unchecked	"((), (), ('MessageIsNatural'), 'T')"
case:a-constraint-awaiting-a-decider-is-unchecked	"((), (), ('de-arbitration-misstated'), 'T')"
case:a-transition-performs-the-predicate-the-model-declares	"(('sendMail', 'r1', ('MailSent')))"
case:file-is-not-a-tenant-but-a-sibling-store-is	"('support', 'engineering')"
case:a-secret-reference-reads-back-through-the-function-its-type-names	"'s3cr3t'"
case:a-value-whose-type-names-no-function-is-read-unchanged	"'visible'"
case:a-type-stored-through-a-function-with-no-inverse-reads-as-itself	"'abc123'"
case:a-function-backed-by-a-system-is-called-at-its-url-and-path	"('POST', 'https://api.example.com/emails', 'sendMail')"
case:a-function-whose-method-the-model-never-names-cannot-be-called	"'F'"
case:a-call-carries-only-the-headers-of-the-system-that-backs-it	"(('Authorization', 'Bearer'), ('User-Agent', 'auto.dev-support/1.0'))"
case:which-header-carries-the-credential-is-a-fact-not-a-guess	"'Authorization'"
case:a-request-body-is-joined-from-the-entitys-own-facts	"(('to', 'samuel@driv.ly'), ('subject', 'Re: your request'))"
case:a-declared-path-the-entity-cannot-fill-is-a-hole-not-an-omission	"(('to', ()), ('subject', ()))"
case:a-body-path-the-sender-carries-is-read-from-the-function	"(('subject', 'Auto.dev - Support'), ('to', 'samuel@driv.ly'))"
case:the-entity-outranks-the-function-where-both-carry-a-path	"(('to', 'the entity is own'))"
case:a-templated-body-quotes-the-message-it-answers	"(('to', 'samuel@driv.ly'), ('text', 'Yes, for some makes.\n\nOn 2026-09-24 at 19:08 UTC, you wrote:\n> Does any plan return OEM build data?\n> Thanks.'))"
case:a-templated-reply-to-nothing-goes-out-alone	"(('to', 'samuel@driv.ly'), ('text', 'Thanks for writing.'))"
case:a-placeholder-with-no-value-is-a-hole-named-by-its-path	"(('to', 'samuel@driv.ly'), ('quote', 'Does any plan return OEM build data?\nThanks.\n'), ('quote_at', '2026-09-24T19:08:20Z'), ('signature', ()))"
case:a-malformed-template-refuses-the-path-it-fills	"(('to', 'samuel@driv.ly'), ('quote', 'Does any plan return OEM build data?\nThanks.\n'), ('quote_at', '2026-09-24T19:08:20Z'), ('text', ()))"
case:a-failed-call-is-one-failure-asserted-whole	"(('FailureHasFailureType', 'failure-sendMail-m1-2026-10-04T00:00:00Z', 'transition'), ('FailureIsAgainstFunction', 'failure-sendMail-m1-2026-10-04T00:00:00Z', 'sendMail'), ('FailureIsTriggeredByObjectTypeInstance', 'failure-sendMail-m1-2026-10-04T00:00:00Z', 'm1'), ('FailureHasReasonText', 'failure-sendMail-m1-2026-10-04T00:00:00Z', 'HTTP 500: down'), ('FailureHasSeverity', 'failure-sendMail-m1-2026-10-04T00:00:00Z', 'error'), ('FailureOccurredAtTimestamp', 'failure-sendMail-m1-2026-10-04T00:00:00Z', '2026-10-04T00:00:00Z'), ('FailureOccursDuringTransition', 'failure-sendMail-m1-2026-10-04T00:00:00Z', 'approve'))"
case:a-failure-outside-a-transition-names-none	"(('FailureHasFailureType', 'failure-sendMail-m1-2026-10-04T00:00:00Z', 'transition'), ('FailureIsAgainstFunction', 'failure-sendMail-m1-2026-10-04T00:00:00Z', 'sendMail'), ('FailureIsTriggeredByObjectTypeInstance', 'failure-sendMail-m1-2026-10-04T00:00:00Z', 'm1'), ('FailureHasReasonText', 'failure-sendMail-m1-2026-10-04T00:00:00Z', 'HTTP 500: down'), ('FailureHasSeverity', 'failure-sendMail-m1-2026-10-04T00:00:00Z', 'error'), ('FailureOccurredAtTimestamp', 'failure-sendMail-m1-2026-10-04T00:00:00Z', '2026-10-04T00:00:00Z'))"
case:a-value-is-never-read-as-a-template	"'[{text} \\n stays]'"
case:ask-selects-a-whole-population-by-name	"(('Beta', (('b1', 'y'), ('b2', 'z'))))"
case:ask-on-a-name-no-population-carries-is-empty	"()"
case:a-subject-one-declared-step-away-is-reached	"'em1'"
case:a-function-declaring-no-reach-is-about-the-entity-itself	"'r1'"
case:the-response-projection-is-read-for-one-function-only	"(('id', 'EmailHasReceiptId', 'EmailHasReceiptId.2'))"
case:a-connection-is-keyed-by-its-domain-and-its-system	"'support.resend'"
case:a-live-connection-answers-live	"'live'"
case:a-connection-with-no-send-mode-is-not-performed	"()"
case:the-credential-is-read-as-stored-and-not-decrypted-here	"'iv||tag||ciphertext'"
case:a-marked-value-is-stored-through-its-declared-function	"'llo World'"
case:an-unmarked-value-is-stored-exactly-as-given	"'Hello World'"
case:a-migration-applies-when-exactly-one-user-approves	"('mig-title-to-label', 'MemoryHoldsTitle', 'Memory holds Title iff that Memory has Title.', 'dc-title-to-label', 'sam')"
case:a-second-approver-is-not-a-throat	"()"
case:an-unapproved-migration-is-not-applied	"()"
case:a-migration-rule-text-reads-as-a-projection	"('proj', 'MemoryHasTitle', (1, 2))"
case:a-migration-rule-text-may-introduce-a-value-the-source-lacks	"('pairwith', ('proj', 'MemoryHasTitle', (1, 2)), 'carried')"
case:a-rule-text-about-another-fact-type-is-not-a-migration	"()"
case:actions-of-an-entity-at-a-nested-status	"('menu', (('button', 'TicketAdvances', 'B'), ('button', 'TicketCloses', 'Closed')))"
case:actions-of-a-subtype-instance	"('menu', (('button', 'AdminAcceptsSupportRequest', 'Draft'), ('button', 'AdminResolvesSupportRequest', 'Resolved')))"
case:actions-of-an-id-no-machine-holds	"('menu', ())"
case:create-refuses-the-key-it-does-not-know	"('\"create refused; 'TicketHasSubjec' names no fact type this store declares\"', 400)"
case:create-of-an-atom-says-it-is-an-atom	"('\"create refused: 'not-a-row' is an atom, not a row; a row is an object whose pairs name a collection and its fact types\"', 400)"
case:create-that-names-no-collection-says-so	"('\"create refused: the row names no collection; 'Ticket' is the collection that holds the fact types it names, so one of its pairs must be named 'Ticket'\"', 400)"
case:create-names-the-collection-that-holds-a-subtype	"('\"create refused: the row names no collection; 'Note' is the collection that holds the fact types it names, so one of its pairs must be named 'Note'\"', 400)"
case:create-that-can-name-no-collection-says-only-that	"('\"create refused: the row names no collection; one of its pairs must be named for the collection that takes it\"', 400)"
case:create-binds-a-child-by-its-content	"((('t1', 'Note:NoteHasBody=hi|NoteHasStamp=T1')), (('Note:NoteHasBody=hi|NoteHasStamp=T1', 'hi')), (('Note:NoteHasBody=hi|NoteHasStamp=T1', 'T1')))"
case:the-same-bound-child-is-still-one-child	"((('t1', 'Note:NoteHasBody=hi|NoteHasStamp=T1')), (('Note:NoteHasBody=hi|NoteHasStamp=T1', 'hi')), (('Note:NoteHasBody=hi|NoteHasStamp=T1', 'T1')))"
case:create-refuses-a-nested-row-under-a-key-it-does-not-know	"('\"create refused; 'NoteHasBod' names no fact type this store declares\"', 400)"
case:replace-says-why-it-refuses-an-unmatched-key	"('\"replace refused: the uniqueness key of 'NoteHasStamp' is not its leading roles, so a row cannot address the one fact to replace\"', 409)"
case:a-retraction-refuses-where-a-replacement-commits	"(409, 201)"
case:the-replacement-leaves-one-row-and-it-is-the-new-one	"(('n1', 'T2'))"
case:replace-states-one-fact-and-says-so	"('\"replace refused: a replace states one fact, so the row carries the collection's id and exactly one fact type\"', 400)"
case:entity-machine-prefers-the-more-specific-type	"'Support Request'"
case:the-root-is-the-work-by-object-type-and-status	"(('Support Request', 'Draft', ('sr2'), ('AdminResolvesSupportRequest')), ('Support Request', 'Received', ('sr1'), ('AdminAcceptsSupportRequest', 'AdminResolvesSupportRequest')), ('Escalation', 'Raised', ('es1'), ('AgentClosesEscalation')))"
case:the-root-offers-each-instance-its-legal-transitions	"(('menu', 'Support Request / Draft', ('item', 'sr2', '-> AdminResolvesSupportRequest', ('Support Request', 'sr2'))), ('menu', 'Support Request / Received', ('item', 'sr1', '-> AdminAcceptsSupportRequest, AdminResolvesSupportRequest', ('Support Request', 'sr1'))), ('menu', 'Escalation / Raised', ('item', 'es1', '-> AgentClosesEscalation', ('Escalation', 'es1'))))"
case:a-store-with-no-machine-has-no-work	"()"
case:html-textbox-draws-its-value	"'<input type='text' name='MemoryHasTitle' style='position:absolute;left:14px;top:62px;width:632px;height:36px;font-family:Segoe UI;font-size:14px;box-sizing:border-box' value='a &lt;b&gt; &amp; c'>'"
case:html-textbox-on-the-entry-screen-has-no-value	"'<input type='text' name='MemoryHasTitle' style='position:absolute;left:14px;top:62px;width:632px;height:36px;font-family:Segoe UI;font-size:14px;box-sizing:border-box'>'"
case:html-selectlist-selects-the-value	"'<select name='MemoryHasKind' style='position:absolute;left:0px;top:0px;width:100px;height:36px;font-family:Segoe UI;font-size:14px'><option value=''></option><option>user</option><option selected>project</option></select>'"
case:html-switch-is-checked-when-true	"'<input type='checkbox' value='true' name='TaskIsDone' checked style='position:absolute;left:0px;top:0px;width:100px;height:36px'>'"
case:html-textbox-draws-a-decimal-as-its-lexeme	"'<input type='number' name='ObjectTypeHasMinimum' style='position:absolute;left:0px;top:0px;width:100px;height:36px;font-family:Segoe UI;font-size:14px;box-sizing:border-box' value='0.5'>'"
case:the-root-is-titled-by-its-app	"'Acme Support, beta'"
case:the-root-at-an-app-is-its-own	"('layer', 'Acme Support', (), ('menu', 'Support Request / Received', ('item', 'sr1', '-> AdminAcceptsSupportRequest', ('Support Request', 'sr1'))), ('menu', 'collections', ('item', 'Support Request', (), ('Support Request'))), ('menu', 'reports', ('item', 'laws', (), ('report', 'laws')), ('item', 'app', (), ('report', 'app')), ('item', 'solve', (), ('report', 'solve')), ('item', 'explain', (), ('report', 'explain'))), ('menu', '', ('item', 'model', (), ('schema'))))"
case:the-root-at-an-app-with-no-name-is-titled-by-its-id	"('beta', ('menu', 'Escalation / Raised', ('item', 'es1', '-> AgentClosesEscalation', ('Escalation', 'es1'))))"
case:navigate-roots-at-the-requested-app	"('Title', 'Acme Support')"
case:an-app-root-is-its-rank-0-collections	"('Support Request')"
case:an-app-ranks-its-own-types	"((0, 'Support Request'), (1, 'Message'), (2, 'Note'))"
case:an-app-subtype-is-a-child-through-its-supertypes-join	"('Customer')"
case:an-app-ranks-a-subtype-below-its-supertypes-parent	"((0, 'Customer'), (1, 'Support Chat'))"
case:a-deontic-uniqueness-makes-no-parent	"('Support Thread')"
case:an-app-ranks-only-by-alethic-uniqueness	"((0, 'Support Thread'), (1, 'Support Request'), (2, 'Note'))"
case:an-entity-named-by-many-events-stands-once	"(('Escalation', 'Raised', ('es1'), ('AgentNotesEscalation', 'AgentClosesEscalation')))"
case:a-field-is-labeled-by-its-declared-player	"('field', 'Domain', 'FunctionBelongsToDomain', 'entity', ())"
case:an-undeclared-field-keeps-its-descriptor-player	"('field', 'Name', 'FunctionHasName', 'text', ())"
case:html-textbox-escapes-an-apostrophe-in-its-value	"'<input type='text' name='MemoryHasTitle' style='position:absolute;left:14px;top:62px;width:632px;height:36px;font-family:Segoe UI;font-size:14px;box-sizing:border-box' value='Samuel&#39;s thesis'>'"
case:html-button-escapes-an-apostrophe-in-its-value	"'<button formaction='/submit/Sam%27s%20Note' style='position:absolute;left:0px;top:0px;width:100px;height:40px;font-family:Segoe UI;font-size:14px'>save</button>'"
case:field-type-secret	"'secret'"
case:field-type-range	"'range'"
case:field-opts-range	"(1, 5)"
case:control-edit-secret	"'passwordbox'"
case:control-edit-range	"'slider'"
case:control-edit-picture	"'image'"
case:the-view-carries-its-chrome	"(('listview', 0, 0, 300, 99, (('Title', 'Things'), ('BackLink', ('back', 'detail')), ('TitleColor', '#1C1C1E'), ('HeaderColor', '#FFFFFF'), ('BackgroundColor', '#F2F2F7'), ('SeparatorColor', '#E3E3E8'), ('Menu', ()), ('SearchBox', ()))), ('sectionheader', 14, 12, 272, 23, (('Text', 'Thing'), ('Font', ('Segoe UI', 12, 'normal')), ('ForegroundColor', '#6D6D72'), ('BackgroundColor', '#F2F2F7'))), ('gridcell', 14, 35, 272, 40, (('NavigationLink', ('Thing', 'a')), ('BackgroundColor', '#FFFFFF'), ('SelectionColor', '#E5E5EA'), ('Children', (('label', 14, 11, 244, 17, (('Text', 'a'), ('Font', ('Segoe UI', 14, 'normal')), ('ForegroundColor', '#1C1C1E'), ('Lines', 1))))))))"
case:html-gridcell-is-one-link-around-its-labels	"'<a href='/Thing/a' class='gridcell' style='position:absolute;left:14px;top:14px;width:272px;height:40px;display:block;box-sizing:border-box;text-decoration:none;background:#FFFFFF'><div class='label' style='position:absolute;left:14px;top:0px;width:232px;height:40px;font-family:Segoe UI;font-size:14px;color:#1C1C1E;line-height:40px;white-space:nowrap;overflow:hidden;text-overflow:ellipsis'>a</div></a>'"
case:an-identifier-field-is-an-alphanumeric-text-box	"(('KeyboardType', 'AlphaNumeric'))"
case:a-registered-default-wins	"44"
case:an-unregistered-default-falls-back	"40"
case:a-text-takes-the-lines-its-width-holds	"3"
case:an-item-cell-grows-to-its-content	"66"
case:the-app-style-is-the-default-themes-tokens	"(('HeaderColor', '#FFFFFF'), ('HeaderTextColor', '#1C1C1E'), ('SectionHeaderColor', '#111114'), ('SectionHeaderTextColor', '#6D6D72'), ('SelectionColor', '#E5E5EA'), ('LayerBackgroundColor', '#111114'), ('LayerItemBackgroundColor', '#FFFFFF'), ('SeparatorColor', '#26262C'), ('TextColor', '#1C1C1E'), ('SubTextColor', '#8E8E93'), ('SecondarySubTextColor', '#6D6D72'), ('ErrorTextColor', '#B00020'))"
case:a-store-with-no-theme-keeps-the-default-style	"(('HeaderColor', '#FFFFFF'), ('HeaderTextColor', '#1C1C1E'), ('SectionHeaderColor', '#F2F2F7'), ('SectionHeaderTextColor', '#6D6D72'), ('SelectionColor', '#E5E5EA'), ('LayerBackgroundColor', '#F2F2F7'), ('LayerItemBackgroundColor', '#FFFFFF'), ('SeparatorColor', '#E3E3E8'), ('TextColor', '#1C1C1E'), ('SubTextColor', '#8E8E93'), ('SecondarySubTextColor', '#6D6D72'), ('ErrorTextColor', '#B00020'))"
case:a-word-is-a-resource-string	"'Search'"
case:a-collection-offers-its-add-and-its-search	"('layer', 'Agent', (), ('search', 'Search', '', ('Agent', 'search')), ('actions', '', ('button', '+ new', ('new', 'Agent'), 'Add')), ('menu', '', ('item', 'ann', (), ('Agent', 'ann')), ('item', 'bob', (), ('Agent', 'bob'))))"
case:a-search-holds-the-instances-that-contain-its-terms	"('layer', 'Agent', (), ('search', 'Search', 'an', ('Agent', 'search')), ('actions', '', ('button', '+ new', ('new', 'Agent'), 'Add')), ('menu', '', ('item', 'ann', (), ('Agent', 'ann'))))"
case:a-search-lands-in-the-master	"'master'"
case:a-collection-of-a-subtype-lands-in-the-master	"'master'"
case:an-entity-addressed-by-its-subtype-is-its-tables	"('layer', 'Support Request 'sr1'', (), ('form', 'Request', ('field', 'Subject', 'RequestHasSubject', 'text', (), 'Help')))"
case:the-view-carries-its-menu	"(('listview', 0, 0, 300, 76, (('Title', 'Things'), ('BackLink', ()), ('TitleColor', '#1C1C1E'), ('HeaderColor', '#FFFFFF'), ('BackgroundColor', '#F2F2F7'), ('SeparatorColor', '#E3E3E8'), ('Menu', ('menu', (('Title', 'actions (A)'), ('Buttons', (('menubutton', (('Title', 'Go'), ('NavigationLink', ('fire', 'Go', 'Thing', 'a')), ('Action', 'Undefined')))))))), ('SearchBox', ()))), ('gridcell', 14, 12, 272, 40, (('NavigationLink', ('Thing', 'a')), ('BackgroundColor', '#FFFFFF'), ('SelectionColor', '#E5E5EA'), ('Children', (('label', 14, 11, 244, 17, (('Text', 'a'), ('Font', ('Segoe UI', 14, 'normal')), ('ForegroundColor', '#1C1C1E'), ('Lines', 1))))))))"
case:a-view-of-the-same-kind-replaces-its-own	"(('Memory'), ('Memory', 'b'))"
case:a-view-of-a-new-kind-is-pushed	"(('Memory'), ('Memory', 'a'))"
case:an-entity-chosen-in-the-master-takes-the-detail-root	"('detail', 'T')"
case:the-detail-root-is-the-entity-alone	"(('master', ((), ('Memory'))), ('detail', (('Memory', 'a'))))"
case:a-collection-from-the-detail-stays-in-the-detail	"('detail', 'F')"
case:back-in-the-master-pops-the-detail-to-its-root	"(('master', (())), ('detail', (('Memory', 'x'))))"
case:a-fire-fills-the-entitys-role-and-the-pairs-the-rest	"('samuel', 'c1')"
case:a-submit-puts-the-new-entity-where-its-form-stood	"(('master', (())), ('detail', (('Memory', 'm9'))))"
case:a-refusal-answered-as-text-is-its-alerts-message	"('alert', (('Title', 'refused'), ('Message', 'create refused: the body carries no row')))"
case:an-entity-lists-the-rows-of-a-column-where-it-is-the-value	"(('ResponseRespondsToMessage', ('Message', 'Message'), ((1)), (), (('r1', 'm1'))), ('TopicHasMessage', ('Topic', 'Message'), ((1, 2)), (), (('t1', 'm1'))))"
case:a-fire-takes-the-caller-for-the-actor-no-pair-names	"('samuel', 'c1')"
case:a-caller-fills-no-role-whose-player-it-is-not	"('', 'c1')"
case:a-fire-with-a-role-no-one-fills-is-refused-by-the-screen	"('\"UserClosesAgentChat needs its User\"', 400)"
case:an-entity-shows-its-n-ary-facts	"(('menu', 'Request follows Count calls to Endpoint', ('item', '12, /vin', 'Request 'r1' follows Count '12' calls to Endpoint '/vin'.', ('Endpoint', '/vin')), ('item', '3, /specs', 'Request 'r1' follows Count '3' calls to Endpoint '/specs'.', ('Endpoint', '/specs'))))"
case:a-reference-field-is-a-link-and-offers-no-instances	"(('form', 'Request', ('field', 'Customer', 'RequestTargetsCustomer', 'entity', (), 'c1', ('Customer', 'c1')), ('field', 'Subject', 'RequestHasSubject', 'text', (), 'Help')))"
case:a-reference-cell-follows-its-link	"(('NavigationLink', ('Customer', 'c1')), 'label')"
case:a-column-is-labeled-by-its-role	"('requested Timestamp', 'was requested no later than Timestamp', 'Subject', 'Note')"
case:a-link-addresses-the-most-specific-type	"(('menu', 'Request targets Customer', ('item', 'c1', 'Request 'sr1' targets Customer 'c1'.', ('Customer', 'c1'))), ('menu', 'Request cites Function', ('item', 'c1', 'Request 'sr1' cites Function 'c1'.', ('Customer', 'c1'))))"
case:a-read-answers-every-value-of-a-column	"('[[\"resource\",\"Request\"],[\"columns\",[\"Request\",\"RequestHasSubject\",\"RequestHasRecording\"]],[\"rows\",[[\"r1\",[[\"Help\"]],[[\"rec1\"],[\"rec2\"]]]]],[\"violations\",[]],[\"links\",[]]]', 200)"
case:a-button-shows-its-label-then-its-reading	"(('actions', 'actions (Draft)', ('button', 'Approve', ('fire', 'AdminApprovesSupportResponse', 'Support Response', 'r1'), 'Undefined'), ('button', 'Admin redrafts Support Response', ('fire', 'AdminRedraftsSupportResponse', 'Support Response', 'r1'), 'Undefined')))"
case:a-collection-holds-its-first-page	"('menu', '1-2 of 5', ('item', 'a1', (), ('Agent', 'a1')), ('item', 'a2', (), ('Agent', 'a2')), ('item', 'more', (), ('Agent', 'page', 2)))"
case:a-collection-page-holds-the-rest	"('menu', '5-5 of 5', ('item', 'a5', (), ('Agent', 'a5')))"
case:a-collection-page-lands-in-the-master	"'master'"
case:a-not-every-line-is-its-subtypings-qualifier	"(('CustomerHasColor'), (('AdminIsASubtypeOfCustomer', ('Admin', 'Customer'), (('{0}', 'is', 'a', 'subtype', 'of', '{1}'), ('Not', 'every', '{1}', 'is', 'an', '{0}'))), ('SupportChatIsASubtypeOfAgentChat', ('Support Chat', 'Agent Chat'), (('{0}', 'is', 'a', 'subtype', 'of', '{1}'), ('Not', 'every', '{1}', 'is', 'a', '{0}')))))"
case:a-page-size-the-ui-readings-declare-is-a-number	"((('agents', 2)))"
case:an-entity-list-is-sorted-by-its-sort-field	"('menu', '', ('item', 'a1', (), ('Agent', 'a1')), ('item', 'a4', (), ('Agent', 'a4')), ('item', 'a2', (), ('Agent', 'a2')), ('item', 'a3', (), ('Agent', 'a3')))"
case:a-follow-up-reopens-the-draft-and-its-response-is-offered-approve	"(('menu', (('button', 'SupportResponseAnswersSupportRequest', 'Responded'), ('button', 'AdminMergesSupportRequest', 'Closed'))), ('menu', ()), ('menu', (('button', 'AdminApprovesSupportResponse', 'Sent'))))"
case:a-readme-is-not-a-readings-file	"('core.md', 'app.md', 'support.md', '.env')"
case:the-worklist-holds-a-page-of-each-group	"(('menu', 'Support Response / Draft, 1-2 of 5', ('item', 'r1', '-> Approve', ('Support Response', 'r1')), ('item', 'r2', '-> Approve', ('Support Response', 'r2')), ('item', 'more', (), ('work', 'Support Response', 'Draft', 'page', 2))))"
case:a-worklist-page-is-a-screen	"('layer', 'Support Response / Draft', (), ('menu', 'Support Response / Draft, 5-5 of 5', ('item', 'r5', '-> Approve', ('Support Response', 'r5'))))"
case:a-worklist-page-lands-in-the-master	"'master'"
case:an-obligation-of-at-most-one-is-no-uniqueness-of-the-fact-type	"(((1, 2)), ('DEO:u:SupportThreadIsInvolvedInSupportThreadIsCreatedFromSupportRequest#1'))"
case:a-fact-type-whose-only-uniqueness-is-an-obligation-has-a-table	"'T'"
case:a-plus-in-a-reference-mode-mints-nothing	"((('Entity List', 'entity', ''), ('Object Type', 'entity', '.Name')), (('Object Type', 'Name', 'popular', 'Object Type_Name')))"
case:a-list-item-shows-its-fields-then-its-status	"('menu', '', ('item', 'a1', 't1, 555-0100, Active', ('Agent', 'a1')), ('item', 'a2', 't2, Active', ('Agent', 'a2')), ('item', 'a3', 'Active', ('Agent', 'a3')))"
case:an-offer-names-each-event-once	"((('Subscription', 'Trialing', ('s1'), ('Subscription trial has ended'))), (('menu', 'Subscription / Trialing', ('item', 's1', '-> Subscription trial has ended', ('Subscription', 's1')))))"
case:a-refused-fire-names-its-event-as-its-button-does	"('\"Approve needs its Admin\"', 400)"
case:an-entity-offers-each-event-one-button	"(('actions', 'actions (Trialing)', ('button', 'Subscription trial has ended', ('fire', 'SubscriptionTrialHasEnded', 'Subscription', 's1'), 'Undefined')))"
case:navigate-asks-nobody-to-sign-in	"(401, (), ('alert', (('Title', 'sign in'), ('Message', 'sign in to use Acme Support'))))"
case:navigate-refuses-a-caller-the-designation-does-not-hold	"(403, (), ('alert', (('Title', 'refused'), ('Message', 'bob is not authorized here'))))"
case:navigate-shows-a-held-caller-the-frame	"(200, ('master'), ())"
case:the-navigation-law-navigates-as-a-held-caller	"('sam', '')"
case:the-controls-are-what-takes-a-row	"('render:a', 'render:b')"
case:the-engines-are-what-takes-a-screen	"('render:html', 'render:wpf')"
case:a-container-with-its-own-engine-is-paired	"()"
case:a-container-with-no-engine-is-told-the-engines	"('render:b', 'render:html', 'render:wpf')"
case:a-replace-with-no-key-is-refused	"'F'"
case:a-replace-keyed-by-its-leading-role-is-admitted	"'T'"
case:a-replace-keyed-off-its-leading-roles-is-refused	"'F'"
case:a-negated-input-that-loses-rows-is-rederived-in-either-order	"((('l1', 'ok')), (('l1', 'ok')))"
case:the-write-closure-is-the-fixpoint-at-every-step	"'T'"
case:an-assert-answers-the-deontic-its-derived-fact-raises	"('[\"committed_with_violations\",[\"new\",1],[\"held\",0],[\"violations\",[[\"NegL\",\"deontic\",\"l1\"]]]]', 200)"
case:a-post-answers-the-deontic-its-derived-fact-raises	"('[\"committed_with_violations\",[[\"a\",\"c1\"]],[],[[\"NegL\",\"deontic\",\"l1\"]]]', 200)"
case:an-asserts-scope-is-the-whole-scope-with-or-without-a-violation	"('T', 0, 'T', 1)"
case:an-assert-over-a-clean-store-answers-what-the-whole-check-answers	"('T', 'T', 'T', '[\"committed_with_violations\",[\"new\",1],[\"held\",0],[\"violations\",[[\"NegL\",\"deontic\",\"l1\"]]]]', 409)"
case:a-yield-reads-the-binding-its-call-was-made-with	"'/specs/:vin'"
case:a-yield-with-no-such-binding-is-a-hole	"()"
case:an-address-reads-the-call-bindings	"'https://api.github.com/repos/drivly/apis/issues/572/events'"
case:an-address-a-binding-does-not-fill-is-sent-as-written	"'https://api.github.com/repos/{repo}/issues/{number}/events'"
case:a-dotenv-sentence-is-reported-by-its-shape	"('REJECTED: 2 instance sentence(s) under 2 reading(s) no fact type declares: Domain has Access; Gadget has Token', 'UNATTACHED: 1 constraint(s) attach to no reading: Each Thing '...' has at most one Code '...'', 'UNBUILT: 2 deontic rule(s) compile to no constraint: It is forbidden that Thing 'a9' has Code 'guessvalue'; It is forbidden that Thing '...' has Code '...'')"
case:a-guess-said-in-the-readings-comes-back-unchanged	"('REJECTED: 1 instance sentence(s) under 1 reading(s) no fact type declares: Domain has Access', 'UNBUILT: 1 deontic rule(s) compile to no constraint: It is forbidden that Thing 'a9' has Code 'guessvalue'')"
case:a-projection-the-engine-says-selects-columns	"('SELECT c2 AS c1, c1 AS c2 FROM (SELECT \"a\" AS c1, \"b\" AS c2 FROM \"T\" WHERE \"a\" IS NOT NULL AND \"b\" IS NOT NULL)', 2)"
case:a-difference-the-engine-says-is-an-except	"('SELECT * FROM (SELECT \"a\" AS c1, \"b\" AS c2 FROM \"T\" WHERE \"a\" IS NOT NULL AND \"b\" IS NOT NULL) EXCEPT SELECT * FROM (SELECT \"b\" AS c1, \"c\" AS c2 FROM \"U\" WHERE \"b\" IS NOT NULL AND \"c\" IS NOT NULL)', 2)"
case:a-join-the-engine-says-meets-the-left-second-column-and-the-right-first	"('SELECT g.c1 AS c1, h.c2 AS c2 FROM (SELECT \"a\" AS c1, \"b\" AS c2 FROM \"T\" WHERE \"a\" IS NOT NULL AND \"b\" IS NOT NULL) AS g JOIN (SELECT \"b\" AS c1, \"c\" AS c2 FROM \"U\" WHERE \"b\" IS NOT NULL AND \"c\" IS NOT NULL) AS h ON g.c2 = h.c1', 2)"
case:a-recipe-of-another-form-is-no-select	"('#', 0)"
case:a-head-another-rule-reads-is-left-to-the-closure	"('H')"
case:heads-in-a-cycle-are-left-to-the-closure	"('H')"
case:a-head-is-computed-after-the-heads-it-reads	"('H', 'K', 'M')"
case:a-list-is-cut-into-chunks-of-the-size-asked	"(('a', 'b'), ('c', 'd'), ('e'))"
case:a-list-the-size-of-a-chunk-is-one-chunk	"(('a', 'b', 'c'))"
case:an-empty-list-is-no-chunks	"()"
case:keys-said-as-one-text-are-one-row	"(1, '1')"
case:a-connector-names-the-fetcher-that-reads-it	"'claude-slack'"
case:a-connector-that-names-no-fetcher-is-the-http-read	"()"
case:a-sync-binds-the-source-it-reads	"(('source', 'slack-search'), ('email', 'x@example.com'))"
case:a-cursor-replaces-the-parameter-it-pages-by	"(('param_email', 'x@example.com'), ('param_before', '1727827200|a1'))"
case:a-cursor-no-parameter-declares-is-added	"(('limit', '100'), ('starting_after', 'sub_9'))"
case:no-cursor-leaves-the-declared-parameters	"(('limit', '100'))"
case:a-row-read-through-is-one-item-in-yield-order	"('item', 'r1', '2026-09-01T08:20:23Z, 200', ())"
case:a-row-holding-only-the-bound-value-is-an-empty-item	"('item', '', (), ())"
case:a-type-offers-the-read-through-its-id-binds	"(('clickhouse-requests', 'email'))"
case:a-cached-fact-type-offers-no-read	"()"
case:a-read-that-needs-more-than-the-instance-is-not-offered	"()"
case:a-subtype-offers-the-read-its-supertype-binds	"(('clickhouse-requests', 'email'))"
case:a-yield-from-a-binding-names-it	"'email'"
case:the-source-binding-binds-no-instance	"''"
case:a-yield-from-the-answer-binds-nothing	"''"
case:a-read-whose-page-did-not-arrive-reads-again	"('layer', 'clickhouse-requests for x@example.com', (), ('menu', '', ('item', 'read', (), ('read', 'clickhouse-requests', 'email', 'x@example.com'))))"
case:a-read-the-host-could-not-make-says-why	"('layer', 'clickhouse-requests for x@example.com', (), ('menu', '', ('item', 'not read', 'refused', ('read', 'clickhouse-requests', 'email', 'x@example.com'))))"
case:a-read-address-with-no-page-is-read-first	"'T'"
case:a-read-address-with-its-page-is-shown	"'F'"
case:a-marked-head-a-function-yields-is-delivered	"()"
case:a-marked-head-nothing-delivers-is-undelivered	"('GitHubIssueHasTitle')"
case:a-cached-head-a-function-delivers-keeps-its-rows	"('GitHubIssueHasTitle', (('i1', 'cached title')))"
case:a-cached-head-nothing-delivers-starts-empty	"('GitHubIssueHasTitle', ())"
case:a-page-caches-no-read-through-fact-and-a-local-row-wins	"(('GitHubIssueHasTitle', 'i1', 'new title'), ('MessageHasMessageBody', 'm2', 'inbox body 2'))"
case:a-page-names-the-keys-its-facts-hold	"(('sub_1'), ('sub_2'))"
case:a-held-row-a-page-keys-again-is-dropped	"(('sub_3', 'active'))"
case:a-page-caches-no-overridable-read-through-fact	"(('GitHubIssueHasState', 'i1', 'closed'))"
case:a-page-drops-a-cached-row-it-keys-with-another-value	"(('i2', 'open'), ('i3', 'closed'))"
case:a-refresh-of-a-cached-head-is-the-page	"(('i1', 'closed'), ('i2', 'open'), ('i3', 'closed'))"
case:a-page-that-states-its-cached-rows-again-asserts-nothing	"(0, 2)"
case:a-cited-row-survives-a-refresh-whose-page-lacks-it	"((('r1', 'cu1'), ('r2', 'cu1')), (('c1', 'r1'), ('c1', 'r2')))"
case:an-asserted-row-wins-on-a-read-screen	"((('LogEntryHasHTTPStatus', 'r1', '500'), ('LogEntryHasCustomer', 'r1', 'x@example.com')), (('LogEntryHasHTTPStatus', 'r2', '200')))"
case:the-compile-keeps-a-cached-head-a-function-yields	"'F'"
case:the-compile-recomputes-a-cached-head-its-rule-owns	"'T'"
case:the-compile-keeps-no-read-through-head-a-function-yields	"'T'"
case:the-compile-keeps-a-cached-head-its-cells-hold-in-the-descriptor	"'F'"
case:a-cached-head-the-cells-hold-in-the-descriptor-keeps-its-rows	"('ProbeRequestFollowsProbeCountCallsToProbeEndpointWithProbeOutcome', ((('r1', 3, 'e1', 'served'), ('r2', 7, 'e1', 'served'))))"
case:a-selection-the-engine-says-keeps-the-rows-with-the-constant	"('SELECT * FROM (SELECT \"a\" AS c1, \"b\" AS c2 FROM \"T\" WHERE \"a\" IS NOT NULL AND \"b\" IS NOT NULL) WHERE c2 = 'x'', 2)"
case:a-selection-on-a-number-says-the-number	"('SELECT * FROM (SELECT \"a\" AS c1, \"b\" AS c2 FROM \"T\" WHERE \"a\" IS NOT NULL AND \"b\" IS NOT NULL) WHERE c1 = 5', 2)"
case:a-join-on-named-columns-keeps-both-rows	"('SELECT g.c1 AS c1, h.c1 AS c2, h.c2 AS c3 FROM (SELECT \"a\" AS c1, \"b\" AS c2 FROM \"T\" WHERE \"a\" IS NOT NULL AND \"b\" IS NOT NULL) AS g JOIN (SELECT \"b\" AS c1, \"c\" AS c2 FROM \"U\" WHERE \"b\" IS NOT NULL AND \"c\" IS NOT NULL) AS h ON g.c2 = h.c1', 3)"
case:a-join-on-no-columns-is-every-pair	"('SELECT g.c1 AS c1, h.c1 AS c2 FROM (SELECT \"a\" AS c1, \"b\" AS c2 FROM \"T\" WHERE \"a\" IS NOT NULL AND \"b\" IS NOT NULL) AS g JOIN (SELECT \"b\" AS c1, \"c\" AS c2 FROM \"U\" WHERE \"b\" IS NOT NULL AND \"c\" IS NOT NULL) AS h ON 1', 2)"
case:a-semi-derived-head-is-its-asserted-rows-and-its-derived-ones	"'SELECT * FROM (SELECT \"a\" AS c1, \"b\" AS c2 FROM \"_eaH\" WHERE \"a\" IS NOT NULL AND \"b\" IS NOT NULL) UNION SELECT * FROM (SELECT 1 AS c1, 2 AS c2)'"
case:an-asserted-value-comes-before-a-derived-one-for-its-key	"'SELECT * FROM (SELECT \"k\" AS c1, \"v\" AS c2 FROM \"_eaH\" WHERE \"k\" IS NOT NULL AND \"v\" IS NOT NULL) UNION SELECT * FROM (SELECT 1 AS c1, 2 AS c2) WHERE c1 NOT IN (SELECT c1 FROM (SELECT \"k\" AS c1, \"v\" AS c2 FROM \"_eaH\" WHERE \"k\" IS NOT NULL AND \"v\" IS NOT NULL))'"
case:a-row-only-the-engines-columns-hold-is-not-the-closures-to-compare	"'((\"a\" IS NOT NULL) OR (\"e\" IS NULL))'"
case:a-fact-type-only-the-runtime-writes-lets-its-table-be-left	"'T'"
case:a-fact-type-a-rule-reads-keeps-its-table-with-the-closure	"'F'"
case:a-fact-type-the-ledgers-hold-keeps-its-table-with-the-closure	"'F'"
case:a-semi-derived-head-the-readings-assert-keeps-its-table-with-the-closure	"'F'"
case:a-head-the-engine-writes-as-a-column-lets-its-table-be-left	"'T'"
case:a-table-is-the-fact-types-its-columns-carry-and-its-own	"('T', 'TA', 'TC')"
case:a-selection-of-one-type-bounds-a-rule-to-the-instances-of-that-type	"('F', ('Customer'))"
case:a-flattened-selection-of-one-type-bounds-a-rule-to-the-instances-of-that-type	"('F', ('Plan'))"
case:instance-of-rows-read-whole-leave-every-instance-to-the-closure	"('T', ())"
case:the-instances-of-the-machines-joined-to-their-types-are-bounded	"('F', ())"
case:domains-read-without-a-selection-of-a-type-leave-every-instance-to-the-closure	"('T', ())"
case:an-entity-table-names-its-key-reference-and-domain-columns-and-what-a-left-row-must-not-hold	"('Function', 'functionId', 'reference', 'belongsToDomain', ('comment'))"
case:a-table-whose-rows-of-the-instances-left-moved-counts-as-written-again	"((1, 3), (1, 2), (0, 0))"
case:a-row-made-sparse-keeps-the-cells-that-hold-a-value	"((1, 'k'), (3, 'v'))"
case:a-sparse-row-stands-for-its-full-row	"('k', '#', 'v', '#')"
case:a-sparse-row-keys-on-its-primary-key-cells	"('k')"
case:a-sparse-row-without-its-key-cell-keys-on-an-empty-cell	"('#')"
case:a-sparse-row-is-its-live-cells-past-empties-and-past-its-columns	"(('id', 'p1', 'k'), ('c3', 'p3', 'v'))"
case:a-wide-table-is-read-a-chunk-of-rows-at-a-time-in-rowid-order	"'select rowid, \"a\",\"b\" from \"T\" order by rowid limit 2048'"
case:the-next-chunk-of-a-wide-table-starts-past-the-last-rowid-read	"'select rowid, \"a\",\"b\" from \"T\" where rowid > cast(? as integer) order by rowid limit 2048'"
case:the-old-read-leaves-the-relation-table-of-a-fully-derived-head	"('T1')"
case:the-old-read-keeps-a-table-whose-layout-changed	"()"
case:the-old-read-keeps-a-table-holding-a-fact-the-last-readings-asserted	"()"
case:the-old-read-keeps-the-table-of-a-semi-derived-head	"()"
case:the-old-read-keeps-a-table-holding-a-derived-head-as-a-column	"()"
case:the-old-read-leaves-only-the-tables-it-may	"('T1')"
case:a-table-the-old-read-leaves-is-not-opened	"()"
case:the-solver-closure-takes-a-negation-after-what-it-negates	"(('b', '2'))"
case:the-solver-closure-reads-a-population-from-its-own-cell	"(('a', '1'))"
case:the-engine-takes-a-derived-and-stored-head-as-it-takes-a-fully-derived-one	"('A', 'B')"
case:a-sync-handed-an-empty-page-was-handed-a-page	"('github-issue-events', (), (), (), 'T')"
case:a-sync-handed-no-page-was-handed-none	"('github-issue-events', (), (), (), 'F')"
case:an-instance-that-fills-fewer-roles-than-its-reading-is-rejected	"((('ThemeIsTheDefaultTheme', ('Theme', 'Theme'), ((1, 2)), (), ((('dark', 'light'))))), (('rejected', 'ThemeIsTheDefaultTheme', 'reported', (), 'Theme is the default Theme')))"
case:a-rest-leg-joins-on-every-subscripted-variable-it-shares	"(('t111', 't111'), ('t000', 't000'), ('t100', 't001'), ('t011', 't110'), ('t010', 't010'), ('t101', 't101'), ('t001', 't100'), ('t110', 't011'))"
case:a-leg-that-shares-two-variables-is-joined-on-both	"(('b1', 'l1'))"
case:a-star-leg-joins-on-every-subscripted-variable-it-shares	"(('b1', 'l1'))"
case:a-subscripted-variable-under-a-role-name-is-one-variable	"(('1'), ('27'))"
case:a-type-named-twice-in-one-leg-without-a-subscript-is-two-variables	"(('r1'))"
case:a-declared-object-type-is-an-instance-of-its-meta-type	"(('Cancel Request', 'Entity Type'), ('Cancel Request', 'Function'), ('Cancel Request', 'Object Type'), ('Reason', 'Function'), ('Reason', 'Object Type'), ('Reason', 'Value Type'))"
case:a-declared-object-type-belongs-to-the-domain-of-its-file	"(('Cancel Request', 'cancellation'), ('Reason', 'cancellation'), ('Function', 'core'), ('API', 'api-platform'))"
case:a-reference-mode-value-type-belongs-to-the-domain-of-the-entity-type-that-declares-it	"(('Cancel Request_id', 'cancellation'), ('Function_id', 'core'), ('sha', 'github'))"
case:an-object-type-the-reflection-filed-is-the-reflections-to-file-again	"('Cancel Request', 'Reason', 'CustomerPlacesOrder')"
case:a-derived-key-its-rule-gives-two-values-keeps-neither	"(('b', 'z'))"
case:a-derived-head-whose-every-key-is-single-keeps-every-row	"(('a', 'x'), ('b', 'y'))"
case:a-derived-one-to-one-keeps-the-rows-both-uniquenesses-allow	"(('c', 'z'))"
case:the-engine-sets-a-derived-column-only-where-its-key-has-one-value	"'(SELECT CASE WHEN count(DISTINCT c2) = 1 THEN min(c2) END FROM \"_ehead\" WHERE c1 = \"T\".\"k\")'"
case:a-closure-refiles-file-for-the-heads-it-puts	"((('state', 'core')), (('state', 'core')))"
case:the-links-of-an-id-name-a-head-the-closure-moved	"('DomainIsContainedInDomain', 'DomainReachesDomain')"
case:a-write-keeps-no-head-the-store-computes-on-read	"('#', ())"
case:a-head-computed-on-read-is-read-as-its-rules-compute-it	"(('state', 'core'))"
case:the-links-of-an-id-name-a-head-computed-on-read	"(('DomainReachesDomain', ('state')))"
case:a-decimal-key-in-a-value-types-own-column-is-its-lexeme	"('0')"
case:an-objectifying-type-belongs-to-its-domain-under-the-name-the-reader-gives-it	"(('PlanProduct', 'api-products'), ('Plan Product', 'api-products'), ('Plan', 'plans-subscriptions'), ('ConstraintSpan', 'core'), ('Constraint Span', 'core'))"
case:a-subscripted-operand-has-its-players-kind	"'number'"
case:a-type-named-with-digits-keeps-its-own-kind	"'integer'"
case:a-subscripted-name-no-type-declares-is-text	"'text'"
case:a-subscripted-head-role-is-found-at-its-player	"2"
case:a-fact-is-spelled-by-its-roles-positions	"'EvP:1=a|2=3|3=-0.35'"
case:a-value-that-is-no-atom-is-spelled-as-it-prints	"'EvP:1=a|2=('x', 'y')'"
case:an-events-id-is-its-fact-and-its-time	"'EvP:1=a|2=c1@t0'"
case:a-write-records-a-new-fact-of-a-classified-type-as-an-event	"(('l1'), ('EvP'), 1)"
case:a-fact-written-again-is-not-a-second-event	"(('l1'), ('EvP'), 1)"
case:a-derived-fact-of-a-classified-type-is-an-event	"(('l2'), ('EvD'), 1)"
case:a-fact-nothing-classifies-records-no-event	"((), (), 0)"
case:a-store-with-no-clock-records-no-event	"((), (), 0)"
case:an-axis-is-what-a-path-names-before-at	"'x'"
case:a-path-that-names-no-axis-names-none	"''"
case:a-step-decays-toward-rest-and-adds-the-push	"(('x.at', -0.42), ('x.rest', 0), ('x.by', -0.5), ('y.at', 0.56), ('y.rest', 0), ('y.by', 0.4), ('retention', 0.8))"
case:a-decimal-rounds-half-away-from-zero-to-its-scale	"(0.271235, -0.000001, 0.35, 1234)"
case:a-performance-reads-its-trigger-and-its-entity-and-replaces-the-entitys-row	"(('L1', -0.04), ('L2', 0.3))"
case:a-predicate-bound-to-a-listed-def-is-the-writes-to-perform	"(('p', 't', 'step:settle'))"
case:the-host-is-left-the-performances-the-write-does-not-make	"(('r', 'L2', ()))"
case:a-store-that-binds-no-predicate-is-closed-as-it-was	"'T'"
